,q0001,q0002,q0009,q0025,q0026,q0028,q0029
0,0.6666666666666666,0.6666666666666666,0,0,0.0,0,0.6666666666666666
1,0.6666666666666666,0.6666666666666666,0,1,1.0,1,0.3333333333333333
2,1.0,0.3333333333333333,1,1,1.0,1,0.6666666666666666
4,1.0,1.0,1,0,1.0,1,0.6666666666666666
5,1.0,0.6666666666666666,1,1,1.0,1,1.0
6,0.6666666666666666,0.3333333333333333,1,1,0.0,0,1.0
7,0.6666666666666666,0.6666666666666666,0,0,1.0,1,0.6666666666666666
8,1.0,0.0,1,1,1.0,0,0.3333333333333333
9,0.6666666666666666,0.6666666666666666,1,0,1.0,1,1.0
10,1.0,0.6666666666666666,1,1,1.0,1,0.6666666666666666
11,0.6666666666666666,0.3333333333333333,0,0,1.0,1,0.3333333333333333
12,1.0,0.6666666666666666,0,0,1.0,1,0.6666666666666666
13,1.0,1.0,1,1,1.0,0,0.3333333333333333
14,0.0,0.0,0,0,1.0,1,0.3333333333333333
15,0.6666666666666666,0.6666666666666666,0,1,1.0,1,1.0
16,0.6666666666666666,0.3333333333333333,1,1,0.5,1,1.0
17,0.6666666666666666,0.3333333333333333,1,0,1.0,1,0.6666666666666666
18,1.0,0.6666666666666666,1,1,1.0,1,0.6666666666666666
19,0.6666666666666666,0.6666666666666666,0,0,1.0,0,0.3333333333333333
20,0.3333333333333333,0.6666666666666666,0,0,1.0,0,0.3333333333333333
21,0.6666666666666666,0.6666666666666666,1,1,1.0,1,1.0
22,0.6666666666666666,0.3333333333333333,1,1,1.0,1,0.6666666666666666
23,1.0,0.6666666666666666,1,1,1.0,1,0.6666666666666666
24,1.0,0.3333333333333333,0,0,1.0,1,1.0
25,0.6666666666666666,0.3333333333333333,1,1,1.0,1,1.0
26,0.3333333333333333,0.6666666666666666,0,1,1.0,1,0.6666666666666666
27,0.0,0.0,0,1,1.0,1,0.3333333333333333
28,1.0,0.6666666666666666,0,1,1.0,1,1.0
29,0.3333333333333333,0.6666666666666666,0,0,1.0,1,1.0
30,0.6666666666666666,0.6666666666666666,1,1,1.0,1,0.3333333333333333
31,0.6666666666666666,0.6666666666666666,0,0,1.0,0,0.3333333333333333
32,0.3333333333333333,0.3333333333333333,0,1,1.0,1,0.0
33,0.6666666666666666,0.6666666666666666,0,0,1.0,1,1.0
34,1.0,0.6666666666666666,1,1,1.0,1,0.6666666666666666
35,0.6666666666666666,0.6666666666666666,1,1,1.0,1,0.3333333333333333
36,0.6666666666666666,0.3333333333333333,1,1,1.0,1,0.3333333333333333
37,1.0,0.3333333333333333,0,1,1.0,1,0.6666666666666666
38,0.3333333333333333,0.3333333333333333,0,1,1.0,0,0.3333333333333333
39,0.6666666666666666,0.3333333333333333,0,1,1.0,1,0.6666666666666666
40,0.3333333333333333,0.3333333333333333,0,0,1.0,1,1.0
41,0.6666666666666666,0.3333333333333333,1,1,1.0,1,0.6666666666666666
42,1.0,0.6666666666666666,1,0,1.0,1,1.0
43,1.0,1.0,0,1,1.0,1,0.3333333333333333
44,0.6666666666666666,0.0,1,1,1.0,1,0.3333333333333333
45,0.3333333333333333,0.3333333333333333,0,1,1.0,1,0.3333333333333333
46,0.3333333333333333,0.3333333333333333,1,1,1.0,1,1.0
47,1.0,0.6666666666666666,0,1,1.0,1,0.6666666666666666
48,0.6666666666666666,0.6666666666666666,0,0,1.0,1,0.6666666666666666
49,0.3333333333333333,0.6666666666666666,1,0,1.0,0,1.0
50,0.6666666666666666,0.3333333333333333,1,1,1.0,1,1.0
51,1.0,0.6666666666666666,0,0,0.0,1,0.3333333333333333
52,0.6666666666666666,0.0,0,1,1.0,1,0.6666666666666666
53,0.6666666666666666,0.3333333333333333,0,1,1.0,1,0.3333333333333333
54,0.6666666666666666,0.3333333333333333,1,1,1.0,1,0.6666666666666666
55,0.6666666666666666,0.3333333333333333,0,0,1.0,1,0.0
56,1.0,0.3333333333333333,0,1,1.0,1,1.0
57,1.0,0.3333333333333333,0,1,1.0,1,0.6666666666666666
58,0.6666666666666666,0.6666666666666666,1,1,1.0,1,0.3333333333333333
59,1.0,1.0,0,0,1.0,1,0.3333333333333333
60,1.0,1.0,0,1,1.0,1,0.6666666666666666
61,1.0,0.0,0,1,1.0,1,1.0
62,0.3333333333333333,0.6666666666666666,0,0,1.0,1,0.3333333333333333
63,0.3333333333333333,0.6666666666666666,1,1,1.0,1,1.0
64,1.0,0.6666666666666666,1,1,1.0,1,0.6666666666666666
65,0.6666666666666666,0.3333333333333333,1,0,0.0,1,0.3333333333333333
66,1.0,1.0,1,1,1.0,1,1.0
67,0.6666666666666666,0.3333333333333333,0,1,1.0,1,1.0
68,1.0,0.0,0,1,1.0,1,0.3333333333333333
69,0.6666666666666666,0.3333333333333333,0,0,0.0,1,0.6666666666666666
70,0.6666666666666666,0.6666666666666666,1,1,1.0,1,0.3333333333333333
71,1.0,0.6666666666666666,0,1,1.0,0,1.0
72,0.6666666666666666,0.6666666666666666,1,1,1.0,1,1.0
74,0.6666666666666666,0.6666666666666666,0,1,1.0,1,0.6666666666666666
75,0.6666666666666666,0.3333333333333333,0,1,1.0,1,1.0
76,0.3333333333333333,0.0,1,0,1.0,0,1.0
77,1.0,0.6666666666666666,1,0,1.0,1,0.6666666666666666
78,1.0,0.0,1,1,1.0,1,1.0
79,0.6666666666666666,0.6666666666666666,1,1,1.0,1,0.6666666666666666
80,0.6666666666666666,0.6666666666666666,1,0,0.0,1,0.3333333333333333
81,1.0,0.6666666666666666,0,1,1.0,1,0.3333333333333333
82,0.6666666666666666,1.0,0,1,0.5,1,0.3333333333333333
83,1.0,0.3333333333333333,0,1,1.0,0,0.3333333333333333
84,1.0,1.0,1,0,1.0,1,1.0
85,1.0,1.0,0,1,1.0,1,0.3333333333333333
86,1.0,0.3333333333333333,0,1,1.0,1,1.0
87,0.6666666666666666,0.6666666666666666,1,1,1.0,1,1.0
88,1.0,0.6666666666666666,0,0,1.0,1,0.6666666666666666
90,0.6666666666666666,0.3333333333333333,0,0,1.0,1,0.3333333333333333
91,0.6666666666666666,0.6666666666666666,0,1,1.0,1,0.6666666666666666
92,0.6666666666666666,0.3333333333333333,1,1,1.0,1,0.6666666666666666
93,0.6666666666666666,0.3333333333333333,1,0,0.5,1,0.6666666666666666
94,1.0,0.6666666666666666,0,0,1.0,0,0.6666666666666666
95,0.6666666666666666,0.3333333333333333,1,1,1.0,1,1.0
97,0.6666666666666666,0.6666666666666666,0,1,1.0,1,0.3333333333333333
98,1.0,0.0,0,1,1.0,1,0.3333333333333333
99,0.6666666666666666,0.3333333333333333,0,1,1.0,1,1.0
100,0.6666666666666666,0.6666666666666666,1,1,1.0,1,1.0
101,0.6666666666666666,0.0,0,1,1.0,1,1.0
102,1.0,1.0,0,1,1.0,1,0.3333333333333333
103,0.6666666666666666,0.3333333333333333,1,1,1.0,1,0.3333333333333333
104,1.0,0.6666666666666666,0,0,1.0,1,0.3333333333333333
105,0.6666666666666666,0.0,1,1,1.0,0,0.0
106,0.3333333333333333,0.3333333333333333,0,1,1.0,1,1.0
107,1.0,0.3333333333333333,0,0,0.0,1,1.0
108,0.6666666666666666,0.3333333333333333,1,1,1.0,1,1.0
109,0.6666666666666666,1.0,1,0,1.0,1,1.0
110,1.0,1.0,0,1,1.0,1,0.3333333333333333
111,0.6666666666666666,0.3333333333333333,1,1,1.0,1,0.6666666666666666
112,0.6666666666666666,0.6666666666666666,1,1,0.5,1,1.0
113,0.6666666666666666,0.6666666666666666,1,1,1.0,0,0.6666666666666666
114,1.0,0.0,1,0,1.0,0,0.6666666666666666
115,1.0,1.0,0,1,1.0,1,1.0
116,1.0,0.6666666666666666,1,1,1.0,0,0.3333333333333333
117,0.0,0.3333333333333333,1,0,0.5,0,0.3333333333333333
118,0.6666666666666666,0.6666666666666666,0,0,1.0,1,0.3333333333333333
119,0.6666666666666666,0.3333333333333333,1,0,0.5,0,0.6666666666666666
120,1.0,0.6666666666666666,0,1,1.0,1,0.6666666666666666
121,1.0,0.3333333333333333,0,1,1.0,1,0.3333333333333333
122,0.6666666666666666,0.6666666666666666,0,1,1.0,1,0.3333333333333333
123,0.6666666666666666,0.3333333333333333,1,1,1.0,1,0.3333333333333333
124,0.6666666666666666,0.0,0,0,1.0,1,0.6666666666666666
125,1.0,0.6666666666666666,0,1,1.0,1,0.3333333333333333
126,0.6666666666666666,1.0,1,0,0.0,1,0.3333333333333333
127,0.3333333333333333,0.6666666666666666,1,1,1.0,1,0.3333333333333333
128,1.0,0.3333333333333333,0,1,1.0,1,0.3333333333333333
129,1.0,0.6666666666666666,1,1,1.0,1,0.3333333333333333
130,0.6666666666666666,0.6666666666666666,1,1,1.0,1,0.6666666666666666
131,0.6666666666666666,0.3333333333333333,0,1,1.0,1,0.3333333333333333
132,0.3333333333333333,0.0,1,0,1.0,1,0.3333333333333333
133,0.6666666666666666,0.3333333333333333,0,0,1.0,1,1.0
134,0.6666666666666666,0.6666666666666666,0,1,1.0,1,0.6666666666666666
135,1.0,0.3333333333333333,1,1,1.0,1,0.3333333333333333
136,0.6666666666666666,0.3333333333333333,0,0,1.0,1,1.0
137,1.0,0.6666666666666666,0,1,1.0,1,0.3333333333333333
138,1.0,0.6666666666666666,1,0,0.5,1,0.6666666666666666
140,0.3333333333333333,0.0,1,0,1.0,1,0.3333333333333333
141,1.0,0.6666666666666666,0,0,1.0,1,0.0
142,0.6666666666666666,1.0,1,1,1.0,0,0.3333333333333333
143,1.0,0.6666666666666666,1,1,1.0,1,0.6666666666666666
144,0.3333333333333333,0.0,0,0,1.0,0,0.6666666666666666
146,0.6666666666666666,0.3333333333333333,0,1,1.0,1,0.6666666666666666
147,0.6666666666666666,0.6666666666666666,0,1,1.0,1,0.3333333333333333
148,0.6666666666666666,0.6666666666666666,1,1,1.0,0,0.6666666666666666
149,1.0,0.6666666666666666,1,0,1.0,0,1.0
150,0.6666666666666666,0.3333333333333333,1,0,1.0,1,0.3333333333333333
151,0.6666666666666666,0.6666666666666666,1,1,1.0,0,0.3333333333333333
152,0.6666666666666666,0.3333333333333333,1,1,1.0,1,1.0
153,0.0,0.0,1,1,1.0,1,0.3333333333333333
154,1.0,0.6666666666666666,1,1,1.0,1,0.3333333333333333
155,0.3333333333333333,0.0,1,0,1.0,1,0.6666666666666666
156,0.6666666666666666,0.3333333333333333,0,1,1.0,1,0.6666666666666666
157,0.6666666666666666,0.3333333333333333,1,1,1.0,1,1.0
158,0.6666666666666666,0.3333333333333333,1,0,1.0,1,1.0
160,0.3333333333333333,0.0,1,1,1.0,1,0.3333333333333333
161,1.0,0.0,1,0,1.0,1,0.6666666666666666
162,0.6666666666666666,0.6666666666666666,0,1,0.0,1,1.0
163,1.0,0.6666666666666666,1,0,1.0,0,0.3333333333333333
164,0.3333333333333333,0.3333333333333333,1,1,1.0,0,0.3333333333333333
165,0.6666666666666666,0.6666666666666666,0,1,1.0,0,0.6666666666666666
166,1.0,0.0,1,1,1.0,0,0.6666666666666666
167,0.6666666666666666,0.0,0,0,1.0,0,0.3333333333333333
170,0.6666666666666666,0.6666666666666666,0,0,1.0,1,0.3333333333333333
171,0.6666666666666666,0.6666666666666666,1,0,1.0,0,1.0
172,0.6666666666666666,0.3333333333333333,0,0,0.5,1,1.0
173,1.0,0.3333333333333333,0,1,1.0,1,1.0
176,0.6666666666666666,0.6666666666666666,1,0,1.0,1,0.3333333333333333
177,0.0,0.6666666666666666,1,0,0.0,1,0.6666666666666666
178,0.6666666666666666,0.3333333333333333,1,0,0.5,1,0.6666666666666666
179,0.6666666666666666,0.0,1,1,1.0,0,1.0
180,0.6666666666666666,0.3333333333333333,1,1,1.0,1,0.6666666666666666
181,0.6666666666666666,0.3333333333333333,1,1,1.0,1,0.6666666666666666
182,1.0,0.6666666666666666,1,0,1.0,1,0.3333333333333333
183,1.0,0.0,1,0,0.0,1,0.3333333333333333
184,1.0,0.6666666666666666,1,1,1.0,1,0.3333333333333333
185,0.6666666666666666,0.6666666666666666,0,1,1.0,1,0.6666666666666666
186,0.6666666666666666,0.3333333333333333,1,1,1.0,1,0.6666666666666666
187,1.0,1.0,1,1,1.0,1,0.3333333333333333
188,0.3333333333333333,0.3333333333333333,0,0,0.0,1,0.6666666666666666
189,0.0,0.0,0,0,1.0,1,0.6666666666666666
190,1.0,1.0,0,1,1.0,1,0.3333333333333333
191,1.0,1.0,0,1,1.0,1,1.0
192,0.6666666666666666,0.6666666666666666,1,1,1.0,1,1.0
193,0.3333333333333333,0.6666666666666666,1,1,1.0,1,1.0
194,1.0,0.6666666666666666,0,1,1.0,1,1.0
195,0.6666666666666666,0.6666666666666666,0,1,1.0,1,0.6666666666666666
196,0.6666666666666666,0.6666666666666666,0,1,1.0,1,0.3333333333333333
197,1.0,0.6666666666666666,1,1,1.0,1,0.6666666666666666
198,1.0,1.0,1,1,1.0,0,0.3333333333333333
199,0.3333333333333333,0.6666666666666666,0,0,1.0,0,0.3333333333333333
200,1.0,1.0,1,1,1.0,1,0.3333333333333333
201,0.6666666666666666,0.6666666666666666,0,1,1.0,1,1.0
202,0.6666666666666666,0.3333333333333333,0,0,1.0,1,0.6666666666666666
203,0.6666666666666666,0.3333333333333333,1,0,1.0,1,1.0
204,0.6666666666666666,0.0,1,1,1.0,1,0.3333333333333333
205,0.6666666666666666,0.6666666666666666,0,1,1.0,1,1.0
206,1.0,0.6666666666666666,1,1,1.0,0,1.0
207,1.0,0.0,1,1,1.0,1,0.3333333333333333
208,0.6666666666666666,0.3333333333333333,1,1,1.0,1,1.0
209,1.0,0.3333333333333333,0,1,1.0,1,0.3333333333333333
210,0.6666666666666666,0.3333333333333333,0,0,1.0,1,0.3333333333333333
211,0.6666666666666666,0.3333333333333333,0,1,1.0,1,0.3333333333333333
212,1.0,1.0,1,1,1.0,1,0.3333333333333333
213,0.6666666666666666,0.6666666666666666,1,1,1.0,1,1.0
214,0.0,0.0,1,1,1.0,1,0.3333333333333333
215,0.6666666666666666,0.0,0,1,1.0,1,1.0
216,1.0,0.6666666666666666,0,1,1.0,1,1.0
217,0.6666666666666666,0.3333333333333333,1,1,1.0,1,0.6666666666666666
218,1.0,0.6666666666666666,0,1,1.0,1,0.6666666666666666
219,0.3333333333333333,0.0,1,0,0.0,1,0.6666666666666666
220,1.0,1.0,1,1,1.0,1,0.3333333333333333
221,1.0,0.6666666666666666,1,1,1.0,1,1.0
222,0.6666666666666666,0.6666666666666666,1,1,1.0,1,0.6666666666666666
223,0.6666666666666666,0.6666666666666666,0,1,1.0,1,0.3333333333333333
224,0.6666666666666666,0.6666666666666666,0,1,1.0,1,1.0
225,1.0,0.6666666666666666,1,1,1.0,0,0.3333333333333333
226,0.6666666666666666,0.3333333333333333,1,1,1.0,1,0.3333333333333333
227,0.6666666666666666,0.6666666666666666,1,1,1.0,1,0.6666666666666666
228,0.6666666666666666,0.6666666666666666,1,0,1.0,1,1.0
229,1.0,0.6666666666666666,1,1,1.0,1,0.3333333333333333
230,1.0,1.0,0,1,0.0,0,0.6666666666666666
231,0.6666666666666666,0.3333333333333333,1,1,1.0,1,0.6666666666666666
232,1.0,0.6666666666666666,0,0,0.5,1,1.0
233,1.0,0.6666666666666666,1,0,1.0,1,1.0
234,0.6666666666666666,0.6666666666666666,1,1,1.0,1,0.6666666666666666
235,1.0,0.6666666666666666,0,0,1.0,1,1.0
236,0.6666666666666666,0.3333333333333333,1,1,1.0,1,1.0
237,0.6666666666666666,0.3333333333333333,1,0,1.0,1,0.6666666666666666
238,1.0,1.0,1,0,1.0,1,1.0
239,0.6666666666666666,0.6666666666666666,0,0,1.0,1,1.0
240,1.0,0.3333333333333333,1,1,1.0,1,0.6666666666666666
241,1.0,0.6666666666666666,1,1,1.0,1,0.6666666666666666
242,0.6666666666666666,0.3333333333333333,0,0,1.0,1,0.6666666666666666
243,0.6666666666666666,0.6666666666666666,1,0,0.0,0,0.6666666666666666
244,0.6666666666666666,0.6666666666666666,1,0,0.0,0,0.6666666666666666
245,0.6666666666666666,0.3333333333333333,0,1,1.0,1,1.0
246,1.0,0.3333333333333333,0,0,1.0,1,1.0
247,0.6666666666666666,1.0,1,1,1.0,1,0.6666666666666666
248,1.0,1.0,0,1,1.0,1,0.6666666666666666
249,1.0,1.0,0,0,1.0,1,1.0
250,0.6666666666666666,1.0,0,1,1.0,1,0.3333333333333333
251,0.6666666666666666,0.6666666666666666,1,1,1.0,1,0.6666666666666666
252,1.0,0.6666666666666666,1,0,1.0,1,0.6666666666666666
253,0.6666666666666666,0.6666666666666666,1,0,1.0,1,0.3333333333333333
254,1.0,0.3333333333333333,1,0,1.0,1,0.6666666666666666
255,1.0,0.3333333333333333,0,1,0.0,1,0.3333333333333333
256,0.3333333333333333,0.3333333333333333,0,1,1.0,1,1.0
257,0.3333333333333333,0.0,1,1,1.0,1,0.6666666666666666
258,0.6666666666666666,0.3333333333333333,1,1,1.0,1,0.3333333333333333
259,0.6666666666666666,0.3333333333333333,0,0,1.0,1,0.6666666666666666
260,0.6666666666666666,0.3333333333333333,0,1,1.0,1,0.3333333333333333
261,1.0,1.0,1,1,1.0,1,0.3333333333333333
262,0.6666666666666666,0.3333333333333333,0,1,1.0,1,0.6666666666666666
263,1.0,0.6666666666666666,1,0,1.0,1,0.6666666666666666
264,1.0,1.0,1,1,1.0,1,0.6666666666666666
265,0.3333333333333333,0.3333333333333333,1,1,1.0,1,1.0
266,0.3333333333333333,0.3333333333333333,1,0,0.0,1,0.6666666666666666
267,0.6666666666666666,1.0,0,0,0.0,1,0.6666666666666666
268,0.6666666666666666,0.6666666666666666,1,1,1.0,1,0.6666666666666666
269,0.6666666666666666,0.6666666666666666,0,1,1.0,1,0.6666666666666666
270,0.6666666666666666,1.0,0,0,1.0,1,0.6666666666666666
271,0.6666666666666666,0.3333333333333333,1,1,1.0,1,0.6666666666666666
272,0.6666666666666666,0.6666666666666666,1,1,1.0,0,0.6666666666666666
273,1.0,0.6666666666666666,1,1,1.0,1,0.6666666666666666
274,0.3333333333333333,0.3333333333333333,1,1,1.0,0,0.6666666666666666
275,1.0,0.3333333333333333,0,1,1.0,1,1.0
276,1.0,0.3333333333333333,1,0,1.0,1,1.0
277,0.6666666666666666,0.3333333333333333,0,1,1.0,1,0.6666666666666666
278,0.6666666666666666,0.6666666666666666,0,0,1.0,1,0.6666666666666666
279,0.6666666666666666,0.6666666666666666,1,0,1.0,1,0.6666666666666666
280,1.0,0.3333333333333333,1,0,1.0,1,1.0
281,1.0,0.0,0,1,1.0,1,0.6666666666666666
282,1.0,0.3333333333333333,1,1,1.0,1,0.3333333333333333
283,0.3333333333333333,0.6666666666666666,1,1,0.0,1,1.0
284,0.6666666666666666,0.6666666666666666,1,0,1.0,1,0.6666666666666666
285,0.6666666666666666,1.0,0,1,1.0,0,0.3333333333333333
286,1.0,0.6666666666666666,0,1,1.0,1,1.0
287,0.6666666666666666,0.3333333333333333,1,1,1.0,1,1.0
288,0.6666666666666666,1.0,1,0,0.0,1,0.3333333333333333
289,0.6666666666666666,0.3333333333333333,1,1,1.0,1,1.0
290,0.6666666666666666,0.6666666666666666,0,1,1.0,1,0.6666666666666666
291,0.3333333333333333,0.6666666666666666,1,1,0.5,1,0.3333333333333333
292,0.6666666666666666,0.6666666666666666,1,1,1.0,1,0.6666666666666666
293,0.6666666666666666,0.6666666666666666,1,0,1.0,1,1.0
294,1.0,0.6666666666666666,1,0,1.0,1,0.6666666666666666
295,1.0,0.6666666666666666,1,1,0.0,1,0.6666666666666666
296,0.6666666666666666,0.0,0,0,1.0,1,0.6666666666666666
297,0.6666666666666666,0.3333333333333333,0,0,0.0,0,0.6666666666666666
298,1.0,1.0,1,1,1.0,1,1.0
299,1.0,0.0,0,0,0.5,1,0.3333333333333333
300,1.0,1.0,0,0,1.0,0,0.3333333333333333
302,0.3333333333333333,0.3333333333333333,1,0,0.5,1,0.3333333333333333
303,1.0,1.0,0,1,1.0,1,0.6666666666666666
304,0.3333333333333333,0.3333333333333333,0,1,1.0,1,0.6666666666666666
305,1.0,0.6666666666666666,1,0,1.0,1,1.0
306,1.0,0.3333333333333333,1,0,1.0,1,0.6666666666666666
307,0.6666666666666666,0.6666666666666666,1,1,1.0,1,0.6666666666666666
308,1.0,0.0,1,1,1.0,0,1.0
309,0.6666666666666666,0.3333333333333333,0,0,0.0,1,0.3333333333333333
310,1.0,0.0,0,0,1.0,1,0.3333333333333333
311,0.6666666666666666,0.6666666666666666,1,1,1.0,1,1.0
312,1.0,1.0,0,1,1.0,1,0.3333333333333333
313,0.6666666666666666,0.6666666666666666,0,1,1.0,1,0.6666666666666666
314,0.6666666666666666,0.3333333333333333,0,1,1.0,1,0.6666666666666666
315,0.6666666666666666,0.6666666666666666,0,1,1.0,1,0.6666666666666666
316,0.6666666666666666,0.3333333333333333,1,1,1.0,1,0.3333333333333333
317,1.0,0.3333333333333333,0,1,1.0,1,0.3333333333333333
318,0.0,0.0,0,0,0.0,1,0.3333333333333333
319,0.6666666666666666,0.6666666666666666,1,1,1.0,0,0.3333333333333333
320,1.0,0.6666666666666666,1,1,1.0,1,0.6666666666666666
321,0.6666666666666666,0.0,0,1,1.0,1,0.0
322,0.6666666666666666,0.0,0,0,1.0,1,0.3333333333333333
323,0.6666666666666666,0.3333333333333333,1,1,1.0,1,0.6666666666666666
324,0.6666666666666666,0.6666666666666666,1,1,1.0,0,0.3333333333333333
325,0.6666666666666666,0.3333333333333333,1,1,1.0,1,0.3333333333333333
326,0.6666666666666666,0.3333333333333333,0,1,1.0,0,0.3333333333333333
327,0.6666666666666666,0.6666666666666666,0,1,1.0,1,1.0
328,1.0,0.6666666666666666,0,1,1.0,1,0.3333333333333333
330,1.0,0.6666666666666666,0,1,1.0,1,1.0
331,0.6666666666666666,0.6666666666666666,1,1,1.0,1,0.6666666666666666
332,0.6666666666666666,0.6666666666666666,0,1,1.0,1,0.3333333333333333
334,1.0,1.0,0,0,1.0,1,0.3333333333333333
335,1.0,0.0,0,0,0.5,1,0.6666666666666666
337,0.6666666666666666,0.3333333333333333,0,1,1.0,1,1.0
338,0.6666666666666666,0.6666666666666666,1,1,1.0,1,1.0
341,0.6666666666666666,0.3333333333333333,0,1,1.0,1,1.0
342,0.6666666666666666,0.3333333333333333,1,1,1.0,1,1.0
343,0.3333333333333333,0.0,0,1,1.0,1,1.0
344,0.6666666666666666,0.6666666666666666,0,1,1.0,1,1.0
345,1.0,0.6666666666666666,1,1,1.0,1,0.6666666666666666
346,1.0,0.6666666666666666,1,1,1.0,0,0.3333333333333333
347,1.0,1.0,0,0,1.0,1,1.0
348,1.0,0.0,1,1,1.0,0,0.3333333333333333
349,1.0,1.0,1,1,1.0,1,0.6666666666666666
350,1.0,0.0,0,1,1.0,1,0.3333333333333333
351,0.6666666666666666,0.6666666666666666,0,0,1.0,1,1.0
352,1.0,0.6666666666666666,1,1,1.0,1,0.6666666666666666
354,0.6666666666666666,0.6666666666666666,0,1,1.0,1,1.0
355,1.0,0.6666666666666666,0,1,1.0,1,1.0
356,0.6666666666666666,0.6666666666666666,1,1,1.0,1,1.0
357,0.6666666666666666,0.6666666666666666,1,1,1.0,1,0.6666666666666666
358,1.0,0.6666666666666666,1,0,1.0,1,0.3333333333333333
359,0.6666666666666666,0.3333333333333333,0,1,1.0,1,0.6666666666666666
360,0.6666666666666666,0.6666666666666666,0,0,1.0,1,1.0
361,0.6666666666666666,0.6666666666666666,1,0,1.0,1,0.6666666666666666
362,1.0,1.0,1,1,1.0,1,0.3333333333333333
363,0.6666666666666666,0.3333333333333333,1,1,1.0,1,0.3333333333333333
364,0.6666666666666666,0.3333333333333333,1,1,1.0,1,1.0
365,0.3333333333333333,0.0,0,1,1.0,1,0.3333333333333333
366,1.0,1.0,1,1,1.0,1,0.3333333333333333
367,1.0,1.0,1,1,1.0,1,0.3333333333333333
368,1.0,1.0,1,0,1.0,0,0.3333333333333333
369,0.6666666666666666,0.6666666666666666,0,1,1.0,1,0.3333333333333333
370,0.6666666666666666,0.3333333333333333,1,1,1.0,0,1.0
371,0.6666666666666666,0.6666666666666666,0,1,0.0,1,0.3333333333333333
372,0.6666666666666666,1.0,1,1,1.0,0,0.3333333333333333
373,0.6666666666666666,0.6666666666666666,0,0,1.0,1,0.3333333333333333
374,0.6666666666666666,0.0,0,1,1.0,1,0.3333333333333333
375,1.0,0.0,0,1,1.0,1,1.0
376,0.6666666666666666,0.3333333333333333,1,1,1.0,1,0.6666666666666666
377,0.6666666666666666,0.6666666666666666,1,0,1.0,1,0.3333333333333333
379,0.3333333333333333,0.6666666666666666,0,1,1.0,1,1.0
380,0.6666666666666666,0.3333333333333333,1,1,1.0,1,0.6666666666666666
381,1.0,0.6666666666666666,0,1,1.0,1,0.3333333333333333
382,1.0,0.3333333333333333,0,1,1.0,1,1.0
383,0.6666666666666666,0.6666666666666666,0,1,1.0,1,0.3333333333333333
384,0.6666666666666666,0.6666666666666666,0,1,1.0,1,0.3333333333333333
385,1.0,1.0,1,1,1.0,1,0.6666666666666666
386,1.0,0.3333333333333333,0,1,1.0,1,0.6666666666666666
388,1.0,0.3333333333333333,1,1,1.0,1,1.0
389,1.0,0.3333333333333333,1,0,0.0,1,0.6666666666666666
390,1.0,0.3333333333333333,1,1,1.0,0,0.3333333333333333
391,0.3333333333333333,0.3333333333333333,1,1,1.0,1,0.6666666666666666
392,1.0,1.0,0,1,1.0,1,1.0
393,0.6666666666666666,0.6666666666666666,1,1,1.0,1,1.0
394,0.3333333333333333,0.6666666666666666,1,0,1.0,0,0.3333333333333333
395,0.6666666666666666,0.6666666666666666,1,1,1.0,1,0.6666666666666666
396,0.6666666666666666,0.6666666666666666,0,1,1.0,1,0.3333333333333333
397,0.6666666666666666,0.6666666666666666,0,1,1.0,1,1.0
398,0.6666666666666666,1.0,0,1,1.0,1,0.6666666666666666
399,0.6666666666666666,0.0,1,1,1.0,0,1.0
400,0.6666666666666666,0.3333333333333333,0,1,1.0,1,1.0
401,0.6666666666666666,0.3333333333333333,1,1,1.0,1,0.3333333333333333
402,1.0,0.6666666666666666,0,1,1.0,1,0.3333333333333333
403,0.6666666666666666,0.3333333333333333,0,1,1.0,1,0.6666666666666666
404,0.6666666666666666,0.6666666666666666,1,1,1.0,1,1.0
405,1.0,0.3333333333333333,1,1,1.0,0,0.6666666666666666
406,0.6666666666666666,0.3333333333333333,1,0,1.0,1,0.3333333333333333
407,1.0,0.6666666666666666,0,1,1.0,1,0.6666666666666666
408,0.6666666666666666,0.6666666666666666,1,1,1.0,1,1.0
409,0.6666666666666666,0.3333333333333333,0,1,1.0,1,0.6666666666666666
410,1.0,0.6666666666666666,0,1,1.0,1,0.3333333333333333
411,0.6666666666666666,0.6666666666666666,0,1,1.0,1,1.0
412,1.0,0.0,0,1,1.0,1,0.6666666666666666
413,0.6666666666666666,1.0,1,1,1.0,1,0.6666666666666666
414,0.6666666666666666,0.3333333333333333,1,1,1.0,1,0.3333333333333333
415,1.0,0.0,1,1,1.0,1,1.0
416,1.0,0.0,0,1,1.0,1,1.0
417,0.6666666666666666,0.3333333333333333,0,1,0.5,1,0.3333333333333333
418,1.0,0.0,0,1,1.0,0,0.6666666666666666
419,1.0,1.0,0,1,1.0,1,0.6666666666666666
420,0.6666666666666666,0.3333333333333333,0,1,1.0,1,0.3333333333333333
421,0.6666666666666666,0.3333333333333333,1,1,1.0,1,0.3333333333333333
422,0.6666666666666666,0.6666666666666666,1,0,1.0,0,0.6666666666666666
423,0.6666666666666666,0.6666666666666666,0,1,1.0,1,1.0
424,0.3333333333333333,0.0,0,1,1.0,1,1.0
425,0.6666666666666666,0.6666666666666666,1,1,1.0,1,1.0
426,0.3333333333333333,0.3333333333333333,0,1,1.0,1,1.0
427,0.6666666666666666,1.0,0,0,1.0,1,0.3333333333333333
428,1.0,0.3333333333333333,0,1,1.0,0,0.3333333333333333
429,0.6666666666666666,0.6666666666666666,1,1,1.0,0,0.3333333333333333
430,1.0,0.3333333333333333,0,0,1.0,1,0.0
431,0.6666666666666666,0.3333333333333333,1,0,1.0,1,1.0
432,1.0,1.0,1,1,1.0,1,1.0
433,0.6666666666666666,0.6666666666666666,0,0,0.5,1,0.3333333333333333
434,0.6666666666666666,0.6666666666666666,0,1,1.0,0,1.0
435,0.6666666666666666,0.6666666666666666,0,1,1.0,0,0.6666666666666666
436,1.0,0.3333333333333333,1,0,1.0,1,0.6666666666666666
437,0.6666666666666666,0.6666666666666666,0,1,1.0,1,0.3333333333333333
438,0.6666666666666666,0.6666666666666666,0,1,1.0,1,1.0
439,0.6666666666666666,0.3333333333333333,0,0,0.0,1,0.6666666666666666
440,1.0,0.6666666666666666,1,1,1.0,1,0.3333333333333333
441,1.0,0.6666666666666666,1,1,1.0,1,1.0
442,1.0,0.3333333333333333,0,0,1.0,1,0.3333333333333333
443,0.6666666666666666,0.6666666666666666,0,1,0.0,0,0.6666666666666666
444,1.0,0.3333333333333333,1,1,1.0,1,1.0
445,0.6666666666666666,0.6666666666666666,1,1,1.0,1,0.6666666666666666
447,1.0,0.6666666666666666,1,1,1.0,1,1.0
448,0.6666666666666666,0.6666666666666666,1,0,1.0,1,0.6666666666666666
449,0.6666666666666666,0.6666666666666666,1,1,1.0,1,0.3333333333333333
450,0.6666666666666666,0.6666666666666666,0,0,1.0,0,0.3333333333333333
451,0.6666666666666666,0.3333333333333333,1,0,0.0,1,0.3333333333333333
452,0.6666666666666666,0.0,1,1,1.0,1,0.3333333333333333
453,0.6666666666666666,0.6666666666666666,1,1,1.0,1,1.0
454,0.3333333333333333,0.3333333333333333,0,1,1.0,1,0.3333333333333333
455,0.6666666666666666,0.6666666666666666,0,1,1.0,1,1.0
456,0.6666666666666666,0.0,0,0,0.0,1,0.3333333333333333
457,1.0,1.0,0,1,1.0,1,0.6666666666666666
458,0.6666666666666666,1.0,0,0,1.0,0,0.3333333333333333
459,0.6666666666666666,0.3333333333333333,1,1,1.0,1,1.0
460,0.6666666666666666,0.6666666666666666,0,1,1.0,1,0.3333333333333333
461,0.6666666666666666,0.0,1,1,1.0,1,1.0
462,0.6666666666666666,0.6666666666666666,1,1,1.0,1,0.6666666666666666
463,0.6666666666666666,0.6666666666666666,0,0,0.0,1,1.0
464,0.6666666666666666,1.0,1,1,1.0,1,0.3333333333333333
465,0.6666666666666666,1.0,1,0,1.0,1,1.0
466,1.0,0.3333333333333333,1,1,1.0,1,0.6666666666666666
467,1.0,0.3333333333333333,0,1,1.0,1,0.3333333333333333
468,0.6666666666666666,0.3333333333333333,0,1,1.0,0,0.3333333333333333
469,1.0,0.0,0,1,1.0,1,1.0
470,1.0,1.0,1,1,1.0,1,0.3333333333333333
471,1.0,0.0,0,1,1.0,1,1.0
472,0.3333333333333333,0.3333333333333333,1,0,1.0,1,0.6666666666666666
473,0.6666666666666666,0.6666666666666666,1,1,1.0,1,1.0
474,0.6666666666666666,0.6666666666666666,0,0,1.0,1,0.3333333333333333
475,1.0,0.3333333333333333,1,1,1.0,1,0.6666666666666666
476,1.0,0.3333333333333333,0,0,1.0,1,0.3333333333333333
477,0.6666666666666666,0.6666666666666666,0,0,1.0,0,1.0
478,0.6666666666666666,0.6666666666666666,0,0,0.0,1,0.3333333333333333
479,0.6666666666666666,0.3333333333333333,1,1,1.0,1,1.0
480,1.0,0.3333333333333333,1,1,1.0,1,0.6666666666666666
481,1.0,0.6666666666666666,1,1,1.0,1,0.3333333333333333
482,1.0,0.6666666666666666,1,1,1.0,1,0.3333333333333333
483,0.6666666666666666,0.3333333333333333,0,1,1.0,1,0.3333333333333333
484,0.6666666666666666,0.3333333333333333,0,1,1.0,1,1.0
485,1.0,1.0,0,1,1.0,1,1.0
486,1.0,0.6666666666666666,1,1,1.0,1,0.3333333333333333
487,1.0,0.6666666666666666,0,1,1.0,1,0.6666666666666666
488,1.0,1.0,1,0,1.0,1,1.0
489,0.6666666666666666,1.0,1,1,1.0,1,0.6666666666666666
490,0.6666666666666666,0.3333333333333333,0,0,1.0,1,0.6666666666666666
491,0.3333333333333333,0.3333333333333333,0,1,0.5,1,1.0
492,0.6666666666666666,0.3333333333333333,0,1,1.0,1,1.0
493,1.0,0.6666666666666666,1,0,1.0,0,1.0
494,1.0,0.6666666666666666,1,1,1.0,1,0.3333333333333333
495,1.0,0.6666666666666666,0,0,1.0,1,1.0
496,1.0,0.0,0,1,1.0,1,0.6666666666666666
497,0.6666666666666666,0.3333333333333333,1,1,1.0,0,0.6666666666666666
498,0.6666666666666666,0.6666666666666666,0,0,1.0,1,0.6666666666666666
499,0.3333333333333333,1.0,1,0,0.0,1,0.6666666666666666
500,0.6666666666666666,0.6666666666666666,1,1,1.0,1,1.0
501,1.0,0.6666666666666666,1,1,1.0,1,0.6666666666666666
502,0.6666666666666666,0.6666666666666666,1,1,1.0,1,0.3333333333333333
503,0.6666666666666666,0.3333333333333333,0,1,1.0,1,0.6666666666666666
504,1.0,1.0,0,1,1.0,1,0.3333333333333333
505,0.6666666666666666,0.3333333333333333,1,0,1.0,1,0.6666666666666666
506,1.0,1.0,0,1,1.0,1,0.6666666666666666
507,0.3333333333333333,0.0,0,0,1.0,1,0.3333333333333333
508,1.0,0.6666666666666666,0,1,1.0,1,0.6666666666666666
509,0.6666666666666666,0.3333333333333333,0,1,1.0,1,1.0
510,0.3333333333333333,0.3333333333333333,0,0,1.0,1,0.0
511,0.6666666666666666,0.6666666666666666,1,1,1.0,0,0.3333333333333333
512,0.3333333333333333,0.0,0,1,1.0,1,0.3333333333333333
513,0.6666666666666666,0.3333333333333333,0,0,0.0,1,1.0
514,1.0,0.0,0,0,0.0,1,0.6666666666666666
515,0.6666666666666666,0.6666666666666666,1,1,1.0,0,0.6666666666666666
516,0.6666666666666666,0.6666666666666666,1,1,1.0,1,0.6666666666666666
517,1.0,1.0,1,1,1.0,1,1.0
518,0.6666666666666666,0.3333333333333333,0,1,1.0,1,0.6666666666666666
519,1.0,0.3333333333333333,1,1,1.0,1,0.6666666666666666
520,0.6666666666666666,0.0,0,1,1.0,1,0.3333333333333333
521,1.0,0.6666666666666666,1,1,1.0,1,0.6666666666666666
522,0.6666666666666666,0.6666666666666666,0,1,1.0,1,1.0
523,1.0,0.6666666666666666,0,0,1.0,1,0.3333333333333333
524,1.0,1.0,1,1,1.0,1,0.6666666666666666
525,0.6666666666666666,0.3333333333333333,0,1,1.0,1,0.3333333333333333
526,1.0,0.3333333333333333,1,1,1.0,1,1.0
527,0.6666666666666666,0.0,0,1,1.0,1,1.0
528,0.6666666666666666,0.3333333333333333,0,1,1.0,1,1.0
529,0.6666666666666666,0.3333333333333333,0,1,1.0,1,0.3333333333333333
531,1.0,1.0,1,1,1.0,1,0.6666666666666666
532,1.0,0.0,1,1,1.0,1,1.0
533,1.0,1.0,1,0,1.0,1,0.6666666666666666
534,1.0,0.3333333333333333,1,0,1.0,1,0.6666666666666666
535,1.0,1.0,0,0,1.0,1,1.0
536,0.6666666666666666,0.3333333333333333,0,0,1.0,1,0.6666666666666666
537,0.6666666666666666,0.3333333333333333,1,1,1.0,1,1.0
538,0.6666666666666666,0.6666666666666666,1,1,1.0,1,1.0
539,1.0,0.6666666666666666,0,0,1.0,1,0.6666666666666666
540,0.6666666666666666,0.6666666666666666,0,1,1.0,1,1.0
541,0.6666666666666666,0.3333333333333333,0,1,1.0,1,0.3333333333333333
542,1.0,0.6666666666666666,1,0,1.0,1,0.3333333333333333
543,1.0,0.6666666666666666,0,0,1.0,1,0.6666666666666666
544,0.6666666666666666,0.3333333333333333,0,1,1.0,1,0.6666666666666666
545,1.0,0.3333333333333333,1,1,1.0,1,0.6666666666666666
546,0.3333333333333333,0.3333333333333333,0,1,1.0,1,0.3333333333333333
547,0.6666666666666666,0.3333333333333333,0,1,1.0,1,1.0
548,1.0,0.0,1,1,1.0,1,0.6666666666666666
549,0.6666666666666666,0.3333333333333333,0,0,0.0,1,1.0
550,1.0,0.3333333333333333,1,1,1.0,1,1.0
551,0.6666666666666666,0.6666666666666666,1,1,1.0,1,0.6666666666666666
552,0.6666666666666666,0.6666666666666666,0,1,1.0,1,0.6666666666666666
553,0.6666666666666666,0.3333333333333333,0,1,1.0,1,1.0
554,0.6666666666666666,0.3333333333333333,0,1,1.0,1,1.0
555,0.3333333333333333,0.3333333333333333,1,1,1.0,1,0.6666666666666666
556,1.0,0.6666666666666666,0,1,1.0,1,1.0
557,1.0,0.6666666666666666,1,0,1.0,1,0.3333333333333333
558,0.6666666666666666,0.6666666666666666,0,1,1.0,1,0.3333333333333333
559,0.6666666666666666,0.6666666666666666,0,0,1.0,1,0.3333333333333333
560,0.6666666666666666,0.3333333333333333,0,1,1.0,1,1.0
561,0.6666666666666666,0.3333333333333333,0,1,1.0,1,0.6666666666666666
562,1.0,0.6666666666666666,1,1,1.0,1,0.6666666666666666
563,1.0,0.6666666666666666,1,1,1.0,1,1.0
564,0.6666666666666666,0.3333333333333333,1,1,1.0,0,0.3333333333333333
565,0.6666666666666666,0.3333333333333333,1,0,1.0,1,1.0
567,0.6666666666666666,0.6666666666666666,0,1,1.0,1,0.6666666666666666
568,0.3333333333333333,0.3333333333333333,1,0,1.0,1,0.6666666666666666
569,1.0,1.0,0,1,1.0,1,0.3333333333333333
570,0.6666666666666666,0.3333333333333333,0,1,1.0,1,0.6666666666666666
571,1.0,0.0,1,1,0.5,1,1.0
572,1.0,1.0,1,0,0.0,1,0.6666666666666666
573,0.6666666666666666,0.3333333333333333,1,1,1.0,0,0.6666666666666666
574,1.0,0.3333333333333333,1,1,1.0,1,0.3333333333333333
575,1.0,1.0,1,1,1.0,1,0.3333333333333333
576,1.0,0.0,1,0,1.0,1,1.0
577,0.6666666666666666,0.0,0,0,1.0,1,1.0
578,0.6666666666666666,0.6666666666666666,0,1,1.0,1,0.6666666666666666
579,1.0,0.6666666666666666,0,1,1.0,1,0.3333333333333333
580,0.6666666666666666,0.3333333333333333,0,0,1.0,1,1.0
581,1.0,1.0,0,1,1.0,1,1.0
582,1.0,0.6666666666666666,0,1,1.0,1,0.3333333333333333
583,0.3333333333333333,0.0,1,0,1.0,1,1.0
584,1.0,0.6666666666666666,0,1,1.0,1,0.3333333333333333
586,0.6666666666666666,0.6666666666666666,1,1,1.0,1,0.6666666666666666
587,0.6666666666666666,0.6666666666666666,1,1,1.0,1,1.0
588,0.6666666666666666,0.3333333333333333,0,0,1.0,1,0.6666666666666666
589,0.6666666666666666,0.3333333333333333,0,1,1.0,1,0.6666666666666666
590,0.6666666666666666,0.0,0,1,1.0,0,0.3333333333333333
592,1.0,0.6666666666666666,1,1,1.0,1,0.6666666666666666
593,1.0,0.3333333333333333,0,1,1.0,1,0.6666666666666666
594,0.6666666666666666,0.0,0,1,1.0,1,0.6666666666666666
595,0.6666666666666666,0.0,0,1,1.0,1,1.0
596,1.0,0.0,0,1,1.0,1,0.0
597,0.6666666666666666,0.6666666666666666,0,0,1.0,1,1.0
598,0.6666666666666666,0.6666666666666666,1,1,1.0,1,0.6666666666666666
599,1.0,0.3333333333333333,0,1,1.0,1,1.0
600,0.6666666666666666,0.0,1,1,1.0,1,0.6666666666666666
601,0.6666666666666666,0.0,1,1,1.0,1,0.3333333333333333
602,1.0,0.6666666666666666,0,1,1.0,1,1.0
603,0.6666666666666666,0.6666666666666666,1,1,1.0,1,0.6666666666666666
604,0.6666666666666666,0.6666666666666666,0,1,1.0,1,0.3333333333333333
605,0.6666666666666666,0.3333333333333333,1,0,1.0,1,1.0
606,0.6666666666666666,0.3333333333333333,0,1,1.0,1,1.0
607,0.6666666666666666,0.6666666666666666,0,1,1.0,1,1.0
608,0.6666666666666666,0.6666666666666666,0,1,1.0,0,0.3333333333333333
609,1.0,0.6666666666666666,0,1,0.5,1,0.3333333333333333
610,1.0,1.0,0,1,1.0,1,1.0
611,0.6666666666666666,0.3333333333333333,0,1,1.0,1,1.0
612,0.6666666666666666,0.6666666666666666,0,0,1.0,0,1.0
613,1.0,1.0,1,1,1.0,0,0.6666666666666666
614,0.0,0.0,1,0,1.0,1,1.0
616,0.6666666666666666,0.6666666666666666,1,1,1.0,1,1.0
617,1.0,0.6666666666666666,0,1,1.0,1,0.3333333333333333
618,0.6666666666666666,0.0,0,1,1.0,1,0.6666666666666666
619,0.6666666666666666,0.6666666666666666,1,1,1.0,1,0.6666666666666666
620,0.6666666666666666,0.3333333333333333,0,1,1.0,1,1.0
621,0.6666666666666666,0.6666666666666666,0,1,1.0,1,1.0
622,0.6666666666666666,0.6666666666666666,0,0,0.0,1,0.6666666666666666
623,1.0,0.0,0,0,0.0,1,1.0
624,1.0,0.3333333333333333,1,1,1.0,0,0.3333333333333333
625,0.6666666666666666,0.6666666666666666,0,0,1.0,1,0.6666666666666666
626,0.6666666666666666,0.3333333333333333,0,1,1.0,1,1.0
627,0.3333333333333333,0.3333333333333333,0,1,1.0,0,1.0
628,1.0,0.6666666666666666,0,1,1.0,1,1.0
629,0.6666666666666666,0.3333333333333333,0,1,1.0,1,1.0
630,0.6666666666666666,0.6666666666666666,0,0,1.0,1,0.3333333333333333
631,0.6666666666666666,0.0,0,1,1.0,1,0.6666666666666666
632,1.0,0.6666666666666666,1,0,1.0,1,0.6666666666666666
633,1.0,1.0,1,0,1.0,1,0.6666666666666666
634,0.6666666666666666,0.6666666666666666,1,1,0.5,0,1.0
636,1.0,0.0,0,1,1.0,1,0.3333333333333333
637,0.6666666666666666,0.0,1,1,1.0,1,1.0
638,0.6666666666666666,0.3333333333333333,1,0,1.0,0,1.0
639,0.6666666666666666,0.3333333333333333,0,1,1.0,1,0.3333333333333333
640,1.0,0.3333333333333333,0,1,1.0,1,1.0
641,1.0,1.0,0,0,1.0,1,0.6666666666666666
642,0.6666666666666666,0.3333333333333333,0,1,1.0,1,0.6666666666666666
643,1.0,0.6666666666666666,1,1,1.0,1,0.6666666666666666
644,0.6666666666666666,0.6666666666666666,1,0,1.0,1,0.3333333333333333
645,1.0,1.0,0,1,1.0,1,0.3333333333333333
646,0.6666666666666666,0.3333333333333333,1,1,1.0,1,0.6666666666666666
647,1.0,0.6666666666666666,1,1,1.0,0,0.6666666666666666
648,0.6666666666666666,1.0,0,1,1.0,1,1.0
649,1.0,0.6666666666666666,1,1,1.0,1,0.6666666666666666
650,1.0,0.3333333333333333,0,1,0.5,1,1.0
651,0.6666666666666666,0.3333333333333333,1,0,1.0,1,0.6666666666666666
652,0.6666666666666666,0.0,0,1,1.0,1,1.0
653,1.0,0.6666666666666666,1,1,1.0,1,0.3333333333333333
654,1.0,0.6666666666666666,0,0,1.0,1,1.0
655,0.0,0.0,0,0,0.0,1,1.0
656,0.6666666666666666,0.6666666666666666,0,1,1.0,1,0.3333333333333333
657,0.3333333333333333,0.6666666666666666,1,1,1.0,0,0.0
658,0.6666666666666666,1.0,1,1,1.0,1,1.0
659,0.0,0.0,0,1,1.0,1,0.6666666666666666
660,1.0,1.0,0,1,1.0,1,0.6666666666666666
661,0.6666666666666666,0.3333333333333333,1,0,1.0,1,0.6666666666666666
662,1.0,0.6666666666666666,1,1,1.0,1,0.3333333333333333
663,0.6666666666666666,0.6666666666666666,1,1,1.0,1,0.3333333333333333
664,0.6666666666666666,0.0,0,0,0.0,0,1.0
665,1.0,1.0,0,0,1.0,1,0.3333333333333333
666,1.0,0.6666666666666666,1,1,1.0,0,0.6666666666666666
667,1.0,0.3333333333333333,1,1,1.0,0,1.0
668,1.0,0.0,0,0,1.0,1,1.0
669,1.0,0.6666666666666666,0,1,1.0,1,0.3333333333333333
670,0.6666666666666666,0.6666666666666666,1,0,0.0,0,0.6666666666666666
671,0.3333333333333333,0.0,0,1,1.0,1,0.6666666666666666
672,1.0,0.0,0,1,1.0,1,0.3333333333333333
673,0.6666666666666666,0.3333333333333333,0,1,1.0,1,1.0
674,1.0,0.6666666666666666,1,1,1.0,0,0.6666666666666666
675,1.0,1.0,1,1,1.0,1,0.6666666666666666
676,0.6666666666666666,0.3333333333333333,1,1,1.0,1,0.6666666666666666
677,0.6666666666666666,0.6666666666666666,1,1,1.0,0,1.0
678,0.6666666666666666,0.3333333333333333,1,1,1.0,1,0.6666666666666666
679,0.6666666666666666,0.6666666666666666,1,0,0.5,1,0.3333333333333333
680,0.6666666666666666,0.3333333333333333,1,0,1.0,1,1.0
681,1.0,0.6666666666666666,0,0,1.0,1,1.0
682,0.3333333333333333,0.0,1,1,1.0,1,0.6666666666666666
683,0.6666666666666666,0.0,1,0,0.0,1,0.6666666666666666
684,0.3333333333333333,0.3333333333333333,1,1,1.0,1,1.0
685,0.6666666666666666,0.3333333333333333,0,0,1.0,1,0.6666666666666666
686,0.6666666666666666,0.3333333333333333,1,1,1.0,1,0.6666666666666666
687,1.0,1.0,0,1,1.0,1,0.3333333333333333
688,0.6666666666666666,1.0,0,1,1.0,1,0.3333333333333333
689,0.6666666666666666,0.3333333333333333,0,0,0.0,0,0.3333333333333333
690,0.6666666666666666,0.3333333333333333,0,1,1.0,1,0.6666666666666666
691,1.0,0.0,1,1,1.0,1,0.3333333333333333
692,1.0,0.3333333333333333,0,1,1.0,1,0.3333333333333333
693,0.6666666666666666,0.6666666666666666,1,1,1.0,1,0.3333333333333333
694,0.3333333333333333,0.3333333333333333,0,1,1.0,1,1.0
695,0.6666666666666666,0.3333333333333333,0,0,1.0,1,0.3333333333333333
696,1.0,0.0,0,1,1.0,1,0.6666666666666666
697,1.0,0.3333333333333333,0,1,1.0,0,0.3333333333333333
698,0.6666666666666666,0.6666666666666666,1,0,1.0,1,0.3333333333333333
699,0.6666666666666666,0.6666666666666666,0,1,1.0,1,1.0
700,0.6666666666666666,1.0,0,1,1.0,1,1.0
701,1.0,0.0,0,0,1.0,1,0.3333333333333333
702,0.6666666666666666,0.3333333333333333,1,1,1.0,1,0.6666666666666666
703,0.6666666666666666,0.6666666666666666,0,0,1.0,0,0.6666666666666666
704,0.6666666666666666,0.3333333333333333,0,0,0.0,1,1.0
705,0.3333333333333333,0.3333333333333333,1,0,1.0,0,0.3333333333333333
706,0.6666666666666666,0.6666666666666666,1,1,1.0,0,1.0
707,0.6666666666666666,0.3333333333333333,0,0,1.0,1,0.3333333333333333
708,1.0,0.0,0,1,1.0,0,1.0
709,0.6666666666666666,0.3333333333333333,0,0,0.5,1,1.0
710,0.6666666666666666,0.6666666666666666,0,0,0.0,1,1.0
711,0.0,0.0,0,0,1.0,1,0.3333333333333333
712,0.6666666666666666,0.0,0,1,1.0,1,0.3333333333333333
713,0.6666666666666666,0.3333333333333333,1,1,1.0,0,0.6666666666666666
714,1.0,0.6666666666666666,1,0,1.0,1,0.6666666666666666
715,0.6666666666666666,1.0,1,1,1.0,1,0.3333333333333333
716,1.0,0.6666666666666666,1,1,1.0,1,0.3333333333333333
717,0.6666666666666666,0.3333333333333333,0,1,1.0,1,0.6666666666666666
718,1.0,0.6666666666666666,1,1,1.0,1,0.3333333333333333
719,0.6666666666666666,0.3333333333333333,0,1,1.0,1,0.3333333333333333
720,0.6666666666666666,0.3333333333333333,0,1,0.5,1,1.0
721,0.6666666666666666,0.6666666666666666,1,0,0.0,1,1.0
722,0.6666666666666666,1.0,0,0,1.0,1,1.0
723,0.6666666666666666,1.0,1,1,1.0,1,0.3333333333333333
724,1.0,0.6666666666666666,1,0,1.0,0,0.3333333333333333
725,1.0,1.0,0,1,1.0,0,1.0
726,0.6666666666666666,0.6666666666666666,1,1,1.0,1,0.6666666666666666
728,1.0,0.3333333333333333,0,1,1.0,1,1.0
729,0.6666666666666666,0.3333333333333333,0,1,1.0,0,1.0
730,1.0,1.0,1,1,1.0,0,0.6666666666666666
731,1.0,0.6666666666666666,1,1,1.0,1,0.6666666666666666
732,0.6666666666666666,0.6666666666666666,1,1,1.0,1,0.6666666666666666
733,0.6666666666666666,0.6666666666666666,0,1,1.0,1,0.6666666666666666
734,0.6666666666666666,0.6666666666666666,0,1,1.0,1,0.3333333333333333
735,0.6666666666666666,0.6666666666666666,1,1,1.0,1,0.3333333333333333
736,1.0,0.3333333333333333,0,1,1.0,1,0.3333333333333333
737,0.6666666666666666,0.6666666666666666,1,1,1.0,1,1.0
738,1.0,0.3333333333333333,1,1,1.0,1,0.6666666666666666
739,0.6666666666666666,0.0,0,1,1.0,1,1.0
740,0.6666666666666666,1.0,0,1,1.0,0,1.0
741,1.0,0.6666666666666666,0,0,1.0,1,1.0
742,0.6666666666666666,0.6666666666666666,1,1,1.0,1,1.0
744,0.6666666666666666,1.0,1,1,1.0,1,1.0
745,0.6666666666666666,0.3333333333333333,1,1,1.0,1,1.0
746,1.0,0.3333333333333333,1,1,1.0,1,0.6666666666666666
747,0.6666666666666666,0.3333333333333333,0,1,1.0,1,0.3333333333333333
748,0.6666666666666666,0.0,0,0,1.0,1,0.3333333333333333
749,1.0,0.3333333333333333,0,1,1.0,1,1.0
750,0.6666666666666666,0.0,1,0,0.0,1,1.0
751,0.6666666666666666,0.3333333333333333,1,1,1.0,1,0.6666666666666666
752,1.0,0.3333333333333333,1,1,1.0,0,0.3333333333333333
753,1.0,1.0,0,0,0.0,1,0.3333333333333333
754,0.6666666666666666,0.6666666666666666,1,1,1.0,1,1.0
755,1.0,1.0,1,1,1.0,1,0.3333333333333333
756,0.6666666666666666,0.3333333333333333,0,1,1.0,1,1.0
757,1.0,1.0,0,0,1.0,1,0.6666666666666666
758,1.0,0.3333333333333333,0,1,1.0,1,1.0
759,1.0,0.3333333333333333,1,1,1.0,1,0.3333333333333333
760,0.6666666666666666,0.6666666666666666,0,1,1.0,0,1.0
761,0.6666666666666666,0.6666666666666666,0,1,1.0,1,1.0
762,0.6666666666666666,0.6666666666666666,1,0,0.0,1,0.6666666666666666
763,0.6666666666666666,0.6666666666666666,1,0,1.0,1,1.0
764,0.6666666666666666,0.3333333333333333,1,1,1.0,1,1.0
765,0.6666666666666666,0.3333333333333333,0,1,1.0,1,0.6666666666666666
766,1.0,0.3333333333333333,0,1,1.0,1,1.0
767,1.0,0.6666666666666666,0,1,1.0,1,1.0
769,1.0,0.3333333333333333,1,1,1.0,1,1.0
770,1.0,0.6666666666666666,1,1,1.0,0,0.6666666666666666
771,0.3333333333333333,0.3333333333333333,1,0,0.0,1,0.3333333333333333
772,0.3333333333333333,0.3333333333333333,1,1,1.0,1,1.0
773,1.0,0.6666666666666666,1,1,1.0,1,1.0
774,1.0,1.0,1,1,1.0,1,0.6666666666666666
775,0.6666666666666666,0.3333333333333333,0,1,1.0,1,1.0
776,1.0,0.3333333333333333,0,1,1.0,1,0.3333333333333333
777,0.6666666666666666,0.6666666666666666,1,1,1.0,1,1.0
778,0.6666666666666666,0.6666666666666666,0,1,1.0,0,1.0
779,0.6666666666666666,0.3333333333333333,1,1,1.0,1,0.6666666666666666
780,1.0,0.6666666666666666,0,0,0.0,0,1.0
781,1.0,0.3333333333333333,1,1,1.0,1,0.6666666666666666
782,1.0,0.6666666666666666,0,1,1.0,1,1.0
783,1.0,0.6666666666666666,0,1,1.0,1,0.3333333333333333
784,0.6666666666666666,0.3333333333333333,0,1,0.0,0,0.3333333333333333
785,0.6666666666666666,0.6666666666666666,0,1,1.0,1,0.3333333333333333
786,1.0,0.6666666666666666,1,1,1.0,1,0.6666666666666666
787,0.6666666666666666,0.3333333333333333,0,0,1.0,1,0.3333333333333333
788,1.0,0.3333333333333333,1,1,1.0,1,0.3333333333333333
789,0.6666666666666666,0.6666666666666666,0,1,1.0,1,1.0
790,1.0,0.6666666666666666,0,1,1.0,1,1.0
791,0.6666666666666666,0.3333333333333333,0,1,1.0,1,0.3333333333333333
792,0.6666666666666666,1.0,0,1,1.0,1,0.3333333333333333
793,0.6666666666666666,0.6666666666666666,1,1,1.0,1,1.0
794,1.0,1.0,0,1,1.0,1,0.3333333333333333
795,1.0,0.3333333333333333,1,1,1.0,0,0.6666666666666666
796,0.6666666666666666,0.3333333333333333,1,0,1.0,1,0.3333333333333333
797,1.0,0.6666666666666666,1,1,1.0,1,1.0
798,0.6666666666666666,0.6666666666666666,1,1,1.0,1,0.3333333333333333
799,0.3333333333333333,0.3333333333333333,0,0,1.0,1,0.6666666666666666
800,1.0,0.3333333333333333,0,1,1.0,1,1.0
801,0.6666666666666666,0.6666666666666666,1,1,1.0,1,0.3333333333333333
802,0.0,0.0,1,0,1.0,0,0.6666666666666666
803,0.6666666666666666,0.6666666666666666,0,1,0.5,1,0.6666666666666666
804,1.0,0.6666666666666666,0,1,1.0,1,0.3333333333333333
805,1.0,1.0,1,1,1.0,1,0.6666666666666666
806,1.0,1.0,0,1,1.0,1,0.3333333333333333
807,1.0,0.6666666666666666,0,1,1.0,1,0.3333333333333333
808,1.0,0.3333333333333333,1,0,0.0,1,0.6666666666666666
809,1.0,0.3333333333333333,0,1,1.0,1,1.0
810,1.0,0.6666666666666666,0,1,1.0,1,0.3333333333333333
811,1.0,1.0,1,1,1.0,0,0.6666666666666666
812,0.6666666666666666,0.3333333333333333,1,0,1.0,1,0.3333333333333333
813,0.6666666666666666,0.6666666666666666,0,1,1.0,1,0.3333333333333333
814,0.6666666666666666,0.3333333333333333,1,1,1.0,1,0.6666666666666666
815,0.3333333333333333,0.3333333333333333,0,0,1.0,1,0.6666666666666666
817,0.6666666666666666,0.6666666666666666,0,0,1.0,1,0.3333333333333333
818,1.0,0.3333333333333333,1,1,1.0,1,0.0
819,1.0,0.3333333333333333,0,0,0.0,1,1.0
820,1.0,1.0,0,0,1.0,0,0.3333333333333333
821,1.0,0.6666666666666666,1,1,1.0,1,1.0
822,0.6666666666666666,0.6666666666666666,0,0,0.0,1,0.3333333333333333
823,1.0,0.3333333333333333,0,0,1.0,1,0.3333333333333333
824,1.0,0.6666666666666666,1,1,1.0,1,0.6666666666666666
825,0.6666666666666666,0.6666666666666666,1,0,1.0,1,1.0
826,0.6666666666666666,0.6666666666666666,1,1,1.0,0,1.0
827,0.6666666666666666,0.6666666666666666,0,1,1.0,1,0.6666666666666666
828,0.3333333333333333,0.3333333333333333,0,0,1.0,1,0.3333333333333333
829,0.6666666666666666,0.6666666666666666,0,0,1.0,1,1.0
830,1.0,0.3333333333333333,0,0,1.0,1,0.3333333333333333
831,1.0,0.6666666666666666,0,1,1.0,0,0.6666666666666666
832,1.0,0.6666666666666666,0,1,1.0,1,0.6666666666666666
833,0.6666666666666666,0.0,0,0,0.5,1,0.3333333333333333
834,0.6666666666666666,0.3333333333333333,0,1,1.0,1,1.0
835,1.0,0.6666666666666666,1,0,1.0,0,1.0
836,1.0,0.3333333333333333,0,1,1.0,1,0.3333333333333333
837,1.0,0.3333333333333333,1,1,1.0,0,0.6666666666666666
838,1.0,0.3333333333333333,1,1,1.0,1,1.0
839,0.6666666666666666,0.6666666666666666,1,1,1.0,1,0.3333333333333333
840,0.3333333333333333,0.3333333333333333,0,1,1.0,0,1.0
841,0.3333333333333333,0.0,0,0,1.0,0,0.3333333333333333
842,0.6666666666666666,0.6666666666666666,1,1,1.0,1,1.0
843,0.6666666666666666,0.6666666666666666,0,1,1.0,1,1.0
844,1.0,0.3333333333333333,0,0,1.0,1,1.0
845,1.0,0.6666666666666666,0,0,0.0,1,1.0
846,1.0,0.6666666666666666,0,1,1.0,1,1.0
847,0.6666666666666666,0.6666666666666666,1,1,1.0,1,0.6666666666666666
848,0.6666666666666666,0.6666666666666666,0,1,1.0,1,0.3333333333333333
849,0.6666666666666666,0.3333333333333333,0,1,1.0,1,1.0
850,0.6666666666666666,0.0,0,0,1.0,1,0.3333333333333333
851,1.0,1.0,0,1,1.0,0,1.0
852,1.0,0.0,1,1,1.0,1,1.0
853,0.6666666666666666,0.6666666666666666,1,1,1.0,1,0.3333333333333333
854,0.6666666666666666,0.3333333333333333,0,0,1.0,1,0.3333333333333333
855,0.6666666666666666,0.3333333333333333,0,1,1.0,1,1.0
856,1.0,1.0,0,1,1.0,1,1.0
857,0.6666666666666666,0.0,1,1,1.0,1,0.6666666666666666
858,0.6666666666666666,0.6666666666666666,1,1,1.0,1,0.6666666666666666
859,0.6666666666666666,0.3333333333333333,0,1,1.0,1,0.6666666666666666
860,1.0,0.0,1,0,1.0,1,0.6666666666666666
861,0.6666666666666666,0.3333333333333333,0,1,1.0,1,0.6666666666666666
862,1.0,0.3333333333333333,1,1,1.0,1,0.3333333333333333
863,1.0,0.6666666666666666,1,0,0.0,1,0.6666666666666666
864,0.6666666666666666,0.3333333333333333,0,1,1.0,1,0.6666666666666666
865,1.0,1.0,0,1,1.0,0,1.0
866,1.0,0.6666666666666666,1,1,1.0,1,1.0
867,1.0,0.3333333333333333,1,1,1.0,1,0.6666666666666666
868,0.6666666666666666,0.6666666666666666,1,0,1.0,0,0.3333333333333333
869,0.3333333333333333,0.3333333333333333,1,0,1.0,1,0.3333333333333333
870,1.0,1.0,0,1,1.0,1,0.3333333333333333
871,0.6666666666666666,0.3333333333333333,0,1,1.0,1,0.6666666666666666
872,0.6666666666666666,0.6666666666666666,0,0,1.0,1,0.3333333333333333
873,1.0,0.6666666666666666,1,0,1.0,1,0.3333333333333333
874,0.6666666666666666,0.6666666666666666,0,0,0.0,1,0.3333333333333333
875,0.6666666666666666,0.6666666666666666,0,0,1.0,1,1.0
876,0.6666666666666666,0.6666666666666666,0,1,1.0,1,1.0
877,0.6666666666666666,0.3333333333333333,0,1,1.0,1,1.0
878,0.3333333333333333,0.0,0,1,1.0,1,1.0
879,0.6666666666666666,0.6666666666666666,1,1,1.0,1,0.6666666666666666
880,1.0,0.0,1,0,1.0,0,0.6666666666666666
881,0.6666666666666666,0.3333333333333333,1,1,1.0,0,0.3333333333333333
882,0.3333333333333333,0.6666666666666666,0,0,0.0,1,1.0
883,1.0,0.3333333333333333,0,1,1.0,1,0.3333333333333333
884,0.6666666666666666,0.6666666666666666,0,1,1.0,1,1.0
885,0.3333333333333333,0.0,0,0,1.0,0,1.0
886,1.0,0.6666666666666666,0,1,1.0,1,0.3333333333333333
887,0.6666666666666666,0.3333333333333333,1,0,1.0,1,0.6666666666666666
888,0.6666666666666666,0.6666666666666666,0,1,1.0,1,0.3333333333333333
889,0.6666666666666666,0.3333333333333333,0,1,1.0,1,0.3333333333333333
890,0.6666666666666666,0.0,0,0,1.0,1,0.3333333333333333
891,0.6666666666666666,1.0,1,1,1.0,1,0.3333333333333333
892,0.6666666666666666,0.6666666666666666,0,1,1.0,1,0.6666666666666666
893,0.6666666666666666,0.6666666666666666,0,1,1.0,1,1.0
894,0.6666666666666666,0.6666666666666666,0,0,1.0,0,0.6666666666666666
895,1.0,0.3333333333333333,0,1,1.0,1,0.6666666666666666
896,0.3333333333333333,0.6666666666666666,1,1,1.0,1,1.0
897,0.6666666666666666,0.6666666666666666,0,1,1.0,1,1.0
898,1.0,1.0,0,1,1.0,1,0.3333333333333333
899,0.6666666666666666,0.6666666666666666,1,1,0.0,1,1.0
900,0.6666666666666666,0.3333333333333333,0,1,1.0,1,0.6666666666666666
901,1.0,0.6666666666666666,0,1,1.0,0,0.6666666666666666
902,1.0,0.0,0,1,1.0,1,1.0
903,0.6666666666666666,0.6666666666666666,1,0,1.0,0,0.6666666666666666
904,0.3333333333333333,0.3333333333333333,1,1,1.0,1,0.3333333333333333
905,1.0,1.0,0,1,1.0,0,0.0
906,0.6666666666666666,0.3333333333333333,0,1,1.0,1,0.6666666666666666
907,0.6666666666666666,0.3333333333333333,0,1,1.0,1,0.6666666666666666
908,1.0,0.6666666666666666,1,0,1.0,1,0.3333333333333333
909,0.6666666666666666,0.6666666666666666,1,0,0.0,1,0.6666666666666666
910,0.6666666666666666,0.3333333333333333,1,1,1.0,1,0.3333333333333333
911,1.0,0.6666666666666666,0,1,1.0,0,0.3333333333333333
912,1.0,1.0,0,1,1.0,1,1.0
913,1.0,0.6666666666666666,1,1,1.0,1,0.3333333333333333
914,0.6666666666666666,0.6666666666666666,1,1,1.0,1,1.0
915,0.6666666666666666,0.6666666666666666,1,1,1.0,1,0.6666666666666666
916,1.0,0.3333333333333333,0,1,1.0,0,0.3333333333333333
917,1.0,0.0,1,1,1.0,1,0.3333333333333333
918,0.6666666666666666,0.3333333333333333,1,1,1.0,1,1.0
919,0.6666666666666666,0.3333333333333333,0,1,1.0,1,0.6666666666666666
920,0.6666666666666666,0.6666666666666666,1,0,1.0,1,0.3333333333333333
921,0.6666666666666666,1.0,1,0,0.5,1,1.0
922,0.6666666666666666,0.6666666666666666,1,1,1.0,1,0.6666666666666666
923,0.6666666666666666,0.6666666666666666,1,1,1.0,1,0.3333333333333333
924,0.6666666666666666,0.6666666666666666,1,1,1.0,1,1.0
925,0.6666666666666666,0.3333333333333333,0,1,1.0,1,0.6666666666666666
926,1.0,0.0,1,0,1.0,0,0.6666666666666666
927,1.0,0.6666666666666666,0,1,1.0,1,0.3333333333333333
928,0.6666666666666666,0.6666666666666666,0,1,1.0,1,1.0
929,0.6666666666666666,0.6666666666666666,1,1,1.0,1,0.3333333333333333
930,0.6666666666666666,0.6666666666666666,0,1,1.0,1,0.3333333333333333
931,0.6666666666666666,0.3333333333333333,1,1,1.0,1,0.6666666666666666
932,1.0,0.6666666666666666,0,0,1.0,1,1.0
933,0.6666666666666666,0.6666666666666666,1,1,1.0,1,0.6666666666666666
934,1.0,1.0,0,1,1.0,0,0.3333333333333333
936,0.6666666666666666,0.3333333333333333,0,0,1.0,1,0.3333333333333333
937,0.3333333333333333,0.3333333333333333,1,1,0.0,0,0.3333333333333333
938,0.6666666666666666,0.6666666666666666,1,1,1.0,1,0.6666666666666666
939,1.0,0.6666666666666666,1,0,1.0,1,0.3333333333333333
942,0.6666666666666666,0.6666666666666666,1,1,1.0,0,0.3333333333333333
943,1.0,0.6666666666666666,0,1,1.0,1,0.6666666666666666
944,0.6666666666666666,1.0,0,0,1.0,1,0.3333333333333333
945,0.3333333333333333,0.3333333333333333,1,0,1.0,1,1.0
946,1.0,0.3333333333333333,1,1,1.0,1,1.0
947,0.6666666666666666,0.3333333333333333,0,1,1.0,1,0.6666666666666666
948,0.6666666666666666,0.0,0,0,1.0,1,0.3333333333333333
949,1.0,0.3333333333333333,1,0,1.0,1,0.6666666666666666
950,0.6666666666666666,0.6666666666666666,0,0,0.0,1,1.0
951,1.0,0.0,1,1,1.0,1,1.0
952,0.6666666666666666,0.6666666666666666,1,1,1.0,1,1.0
953,0.6666666666666666,0.0,0,1,1.0,1,0.3333333333333333
954,0.6666666666666666,0.3333333333333333,1,1,1.0,1,0.6666666666666666
955,0.6666666666666666,0.6666666666666666,0,1,1.0,1,0.6666666666666666
956,0.3333333333333333,0.0,0,1,1.0,1,0.3333333333333333
957,1.0,1.0,0,1,1.0,1,1.0
958,0.6666666666666666,0.6666666666666666,0,0,1.0,1,0.6666666666666666
959,1.0,1.0,1,1,1.0,1,0.3333333333333333
960,1.0,0.0,1,1,1.0,0,0.6666666666666666
962,0.6666666666666666,0.3333333333333333,0,1,1.0,1,1.0
963,1.0,0.6666666666666666,1,0,1.0,1,0.3333333333333333
964,0.6666666666666666,0.3333333333333333,0,0,1.0,1,1.0
965,1.0,0.3333333333333333,0,1,1.0,1,1.0
966,1.0,0.0,1,0,1.0,1,1.0
967,1.0,0.6666666666666666,1,0,1.0,1,0.6666666666666666
968,1.0,0.3333333333333333,1,1,1.0,1,0.3333333333333333
969,0.6666666666666666,0.0,0,0,0.0,1,1.0
970,1.0,0.3333333333333333,0,1,1.0,1,0.6666666666666666
971,1.0,0.3333333333333333,1,1,1.0,1,0.3333333333333333
972,1.0,0.6666666666666666,0,1,1.0,1,0.6666666666666666
973,0.6666666666666666,0.6666666666666666,0,0,1.0,1,0.3333333333333333
974,1.0,0.0,1,1,1.0,1,0.6666666666666666
975,0.6666666666666666,0.6666666666666666,0,1,1.0,1,0.3333333333333333
976,1.0,0.0,0,1,1.0,1,0.6666666666666666
977,1.0,0.3333333333333333,1,1,1.0,1,0.6666666666666666
978,0.6666666666666666,0.3333333333333333,1,0,0.0,1,0.3333333333333333
979,0.6666666666666666,0.6666666666666666,0,1,1.0,1,0.6666666666666666
980,0.6666666666666666,0.3333333333333333,1,1,1.0,1,0.3333333333333333
981,1.0,0.0,0,1,0.5,0,0.6666666666666666
982,1.0,0.6666666666666666,0,0,0.0,1,1.0
983,1.0,0.3333333333333333,0,1,1.0,1,0.6666666666666666
984,0.3333333333333333,0.6666666666666666,1,0,1.0,0,0.6666666666666666
985,0.3333333333333333,0.6666666666666666,1,1,1.0,0,1.0
986,0.6666666666666666,0.3333333333333333,1,1,1.0,1,0.3333333333333333
987,0.3333333333333333,0.6666666666666666,1,1,1.0,1,0.6666666666666666
988,0.6666666666666666,0.3333333333333333,1,1,1.0,1,0.3333333333333333
989,0.6666666666666666,0.6666666666666666,1,1,1.0,0,0.3333333333333333
990,0.3333333333333333,0.3333333333333333,0,1,1.0,1,0.3333333333333333
991,1.0,0.3333333333333333,0,1,1.0,1,0.3333333333333333
992,0.6666666666666666,0.6666666666666666,0,1,1.0,1,1.0
993,0.6666666666666666,0.3333333333333333,1,0,1.0,1,0.3333333333333333
994,0.6666666666666666,0.0,0,1,1.0,1,0.6666666666666666
995,1.0,0.6666666666666666,1,1,1.0,0,1.0
996,0.6666666666666666,0.3333333333333333,1,0,1.0,1,0.3333333333333333
997,1.0,0.3333333333333333,0,1,1.0,0,1.0
998,0.6666666666666666,0.3333333333333333,0,1,1.0,1,0.3333333333333333
999,0.6666666666666666,0.3333333333333333,1,0,1.0,1,0.6666666666666666
1000,0.6666666666666666,0.6666666666666666,1,1,1.0,1,1.0
1001,0.3333333333333333,0.3333333333333333,1,0,0.5,1,1.0
1002,0.3333333333333333,0.3333333333333333,0,0,1.0,1,0.3333333333333333
1004,0.3333333333333333,0.0,1,0,1.0,1,0.3333333333333333
1005,1.0,0.3333333333333333,0,1,1.0,1,0.3333333333333333
1007,0.6666666666666666,0.6666666666666666,0,1,0.5,1,1.0
1008,0.6666666666666666,0.6666666666666666,1,1,1.0,1,0.6666666666666666
1009,1.0,0.6666666666666666,0,1,1.0,1,1.0
1010,0.6666666666666666,0.0,1,1,0.0,1,0.3333333333333333
1011,0.6666666666666666,0.3333333333333333,1,1,1.0,1,0.3333333333333333
1012,0.6666666666666666,0.6666666666666666,1,1,1.0,1,0.6666666666666666
1013,0.6666666666666666,0.3333333333333333,1,0,1.0,0,1.0
1015,1.0,0.3333333333333333,1,0,1.0,0,0.6666666666666666
1016,0.6666666666666666,0.0,0,1,1.0,1,0.6666666666666666
1017,1.0,0.6666666666666666,1,0,1.0,1,0.6666666666666666
1018,0.6666666666666666,0.6666666666666666,0,1,1.0,1,1.0
1019,0.6666666666666666,0.6666666666666666,0,1,1.0,1,0.6666666666666666
1020,0.6666666666666666,1.0,0,1,1.0,1,0.6666666666666666
1021,0.6666666666666666,0.0,0,0,0.0,1,0.6666666666666666
1022,0.6666666666666666,0.0,1,0,1.0,1,0.3333333333333333
1023,1.0,0.0,0,0,0.0,1,1.0
1024,0.6666666666666666,0.6666666666666666,0,1,1.0,1,1.0
1025,0.3333333333333333,0.3333333333333333,1,1,1.0,0,0.3333333333333333
1026,0.6666666666666666,0.3333333333333333,1,1,1.0,1,0.3333333333333333
1027,0.6666666666666666,0.0,0,0,1.0,1,0.6666666666666666
1028,0.6666666666666666,0.3333333333333333,0,0,0.5,1,1.0
1029,1.0,0.0,1,0,1.0,1,0.3333333333333333
1030,1.0,1.0,1,0,1.0,1,0.6666666666666666
1031,0.6666666666666666,0.0,0,0,0.0,1,0.6666666666666666
1032,0.6666666666666666,0.3333333333333333,0,0,0.0,1,1.0
1033,0.6666666666666666,0.6666666666666666,1,1,1.0,1,0.3333333333333333
1034,0.6666666666666666,0.3333333333333333,1,0,1.0,1,0.6666666666666666
1035,0.6666666666666666,0.0,1,0,1.0,1,0.6666666666666666
1036,1.0,0.6666666666666666,0,1,1.0,1,1.0
1037,0.6666666666666666,0.3333333333333333,0,1,1.0,1,1.0
1038,0.6666666666666666,0.6666666666666666,0,1,1.0,1,1.0
1039,0.6666666666666666,0.6666666666666666,0,1,1.0,1,0.3333333333333333
1040,1.0,1.0,0,1,1.0,1,0.0
1041,0.3333333333333333,0.0,0,0,0.0,1,0.3333333333333333
1042,0.6666666666666666,0.6666666666666666,0,0,1.0,1,1.0
1043,0.6666666666666666,0.6666666666666666,0,0,0.0,1,0.3333333333333333
1044,0.6666666666666666,0.3333333333333333,0,0,1.0,0,0.3333333333333333
1045,0.6666666666666666,0.3333333333333333,0,0,1.0,1,0.3333333333333333
1046,1.0,0.3333333333333333,0,1,1.0,1,0.3333333333333333
1047,0.6666666666666666,0.0,1,0,1.0,1,0.6666666666666666
1048,1.0,0.0,0,0,1.0,0,1.0
1049,0.6666666666666666,1.0,0,1,1.0,1,0.6666666666666666
1050,1.0,0.3333333333333333,0,1,1.0,1,0.3333333333333333
1051,0.6666666666666666,0.3333333333333333,1,1,1.0,1,0.6666666666666666
1052,0.6666666666666666,0.3333333333333333,1,1,0.0,1,0.6666666666666666
1053,0.6666666666666666,0.6666666666666666,1,1,1.0,1,1.0
1054,0.3333333333333333,0.3333333333333333,0,1,1.0,1,0.3333333333333333
1055,0.6666666666666666,0.0,1,0,0.0,1,0.3333333333333333
1056,0.6666666666666666,0.3333333333333333,0,1,1.0,1,1.0
1057,1.0,0.6666666666666666,0,1,1.0,1,0.3333333333333333
1058,1.0,0.0,1,1,1.0,1,1.0
1059,1.0,0.6666666666666666,0,0,1.0,1,0.3333333333333333
1060,0.6666666666666666,0.0,1,0,0.0,1,1.0
1061,0.6666666666666666,0.6666666666666666,0,1,1.0,1,0.3333333333333333
1062,1.0,0.0,0,1,1.0,0,0.6666666666666666
1063,0.6666666666666666,0.3333333333333333,0,1,1.0,0,0.6666666666666666
1064,0.6666666666666666,0.3333333333333333,1,1,1.0,1,1.0
1065,0.6666666666666666,0.3333333333333333,1,1,1.0,1,1.0
1066,0.6666666666666666,0.3333333333333333,1,1,0.5,1,1.0
1067,0.6666666666666666,0.3333333333333333,1,1,1.0,1,1.0
1068,0.6666666666666666,0.6666666666666666,1,1,1.0,0,0.6666666666666666
1069,1.0,0.3333333333333333,0,1,1.0,1,1.0
1070,0.6666666666666666,0.6666666666666666,1,1,1.0,1,1.0
1071,0.6666666666666666,0.6666666666666666,0,0,1.0,1,1.0
1072,1.0,0.0,1,1,1.0,1,1.0
1073,1.0,0.6666666666666666,1,0,1.0,0,0.3333333333333333
1075,1.0,0.3333333333333333,1,1,1.0,1,0.3333333333333333
1076,0.6666666666666666,0.3333333333333333,0,1,1.0,1,1.0
1077,0.6666666666666666,0.3333333333333333,1,1,1.0,1,0.3333333333333333
1078,0.6666666666666666,0.6666666666666666,1,1,1.0,1,0.3333333333333333
1079,0.6666666666666666,0.6666666666666666,0,1,1.0,1,1.0
1080,1.0,0.6666666666666666,1,1,1.0,1,0.3333333333333333
1081,1.0,0.3333333333333333,0,0,1.0,0,0.6666666666666666
1082,1.0,0.0,0,1,1.0,1,0.6666666666666666
1083,1.0,0.0,1,0,1.0,0,1.0
1084,1.0,0.6666666666666666,1,1,1.0,0,0.3333333333333333
1085,0.6666666666666666,0.3333333333333333,0,0,1.0,1,1.0
1086,0.6666666666666666,0.6666666666666666,1,0,1.0,1,1.0
1087,0.3333333333333333,0.6666666666666666,0,0,1.0,1,0.6666666666666666
1088,0.6666666666666666,0.0,1,0,1.0,1,0.3333333333333333
1089,0.6666666666666666,0.3333333333333333,1,0,1.0,1,0.3333333333333333
1090,1.0,0.0,0,1,1.0,1,1.0
1091,0.6666666666666666,0.6666666666666666,0,1,1.0,1,1.0
1092,0.6666666666666666,0.6666666666666666,1,1,1.0,1,1.0
1093,1.0,1.0,0,1,1.0,1,0.6666666666666666
1094,0.6666666666666666,0.3333333333333333,0,1,1.0,1,1.0
1095,1.0,0.0,0,1,1.0,1,0.6666666666666666
1096,0.6666666666666666,0.6666666666666666,1,0,1.0,1,1.0
1097,1.0,0.0,0,1,1.0,1,0.6666666666666666
1098,0.6666666666666666,0.3333333333333333,1,0,1.0,1,0.3333333333333333
1099,0.6666666666666666,0.6666666666666666,1,1,1.0,1,1.0
1101,1.0,0.6666666666666666,0,1,1.0,1,1.0
1102,0.6666666666666666,0.3333333333333333,0,1,1.0,1,0.6666666666666666
1103,1.0,1.0,1,0,0.0,1,0.3333333333333333
1104,1.0,0.6666666666666666,1,1,1.0,1,0.3333333333333333
1105,1.0,0.3333333333333333,1,1,1.0,1,0.3333333333333333
1106,0.3333333333333333,0.3333333333333333,1,0,1.0,1,0.3333333333333333
1107,0.0,0.6666666666666666,1,0,1.0,1,0.3333333333333333
1108,1.0,0.3333333333333333,1,0,1.0,1,0.3333333333333333
1109,0.6666666666666666,0.6666666666666666,1,1,1.0,1,1.0
1110,0.6666666666666666,0.3333333333333333,0,0,0.0,1,0.6666666666666666
1111,0.6666666666666666,1.0,1,1,1.0,0,0.3333333333333333
1112,0.6666666666666666,0.3333333333333333,1,1,1.0,0,1.0
1113,1.0,1.0,0,1,1.0,1,0.6666666666666666
1114,1.0,0.6666666666666666,0,1,1.0,1,0.6666666666666666
1115,0.3333333333333333,0.3333333333333333,1,0,1.0,1,0.3333333333333333
1116,1.0,1.0,1,1,1.0,1,1.0
1117,0.6666666666666666,0.3333333333333333,0,0,1.0,1,0.3333333333333333
1118,0.6666666666666666,0.3333333333333333,0,1,1.0,1,1.0
1119,1.0,1.0,0,0,1.0,1,0.3333333333333333
1120,0.6666666666666666,0.0,1,0,1.0,1,0.3333333333333333
1121,0.6666666666666666,0.6666666666666666,1,1,1.0,1,0.6666666666666666
1122,1.0,1.0,0,1,1.0,0,1.0
1123,1.0,0.6666666666666666,1,1,1.0,1,0.6666666666666666
1124,0.3333333333333333,0.3333333333333333,1,1,1.0,0,0.3333333333333333
1125,1.0,1.0,0,1,1.0,1,0.3333333333333333
1126,1.0,0.6666666666666666,0,1,1.0,1,0.6666666666666666
1127,1.0,0.0,1,1,1.0,1,0.3333333333333333
1128,0.6666666666666666,0.6666666666666666,0,1,1.0,1,0.6666666666666666
1129,1.0,0.6666666666666666,1,1,1.0,0,1.0
1130,0.6666666666666666,0.6666666666666666,0,0,0.5,1,1.0
1131,1.0,0.6666666666666666,1,1,1.0,1,0.6666666666666666
1132,0.3333333333333333,0.6666666666666666,0,1,1.0,1,0.6666666666666666
1133,1.0,0.3333333333333333,1,1,1.0,1,1.0
1134,0.6666666666666666,0.0,1,1,1.0,1,1.0
1135,0.6666666666666666,0.0,0,1,1.0,1,0.6666666666666666
1136,0.3333333333333333,0.3333333333333333,0,0,1.0,1,0.6666666666666666
1137,1.0,0.3333333333333333,1,1,1.0,0,0.3333333333333333
1138,1.0,0.3333333333333333,1,1,1.0,1,1.0
1139,0.6666666666666666,0.6666666666666666,0,1,1.0,1,1.0
1140,0.6666666666666666,0.6666666666666666,0,0,1.0,1,0.3333333333333333
1141,1.0,0.6666666666666666,1,1,1.0,1,0.3333333333333333
1142,1.0,0.6666666666666666,0,1,0.5,1,0.6666666666666666
1143,1.0,0.6666666666666666,1,1,1.0,1,0.3333333333333333
1144,0.6666666666666666,0.6666666666666666,0,0,0.0,1,0.3333333333333333
1145,0.6666666666666666,0.3333333333333333,1,0,1.0,0,0.6666666666666666
1146,0.6666666666666666,0.3333333333333333,1,1,0.0,0,0.3333333333333333
1147,0.6666666666666666,0.6666666666666666,0,1,1.0,1,1.0
1148,0.6666666666666666,0.3333333333333333,0,1,1.0,1,1.0
1149,0.6666666666666666,0.3333333333333333,0,1,1.0,1,1.0
1150,1.0,0.0,1,0,1.0,1,0.6666666666666666
1151,1.0,0.0,1,1,1.0,1,0.3333333333333333
1152,1.0,0.6666666666666666,0,0,0.5,1,0.3333333333333333
1153,0.6666666666666666,0.3333333333333333,1,0,1.0,1,0.6666666666666666
1154,1.0,0.6666666666666666,0,1,1.0,1,1.0
1155,0.6666666666666666,0.3333333333333333,1,1,1.0,1,0.6666666666666666
1156,0.0,0.0,1,1,0.5,1,0.3333333333333333
1157,0.6666666666666666,0.0,1,0,0.0,1,0.6666666666666666
1158,0.6666666666666666,0.3333333333333333,1,1,1.0,1,0.3333333333333333
1160,0.3333333333333333,0.3333333333333333,0,1,1.0,1,0.3333333333333333
1161,0.6666666666666666,0.6666666666666666,1,1,1.0,1,0.3333333333333333
1162,0.6666666666666666,0.6666666666666666,1,1,1.0,1,1.0
1163,0.6666666666666666,0.0,1,1,1.0,1,0.6666666666666666
1164,0.6666666666666666,0.6666666666666666,1,1,1.0,1,0.6666666666666666
1165,0.6666666666666666,0.3333333333333333,0,1,1.0,0,1.0
1166,0.6666666666666666,0.3333333333333333,1,0,1.0,1,0.3333333333333333
1167,0.6666666666666666,0.0,0,1,1.0,1,0.3333333333333333
1168,0.3333333333333333,0.0,0,1,1.0,1,0.3333333333333333
1169,0.3333333333333333,0.0,0,0,1.0,1,1.0
1170,0.0,0.0,0,1,0.5,1,0.6666666666666666
1172,1.0,0.3333333333333333,0,1,1.0,0,0.3333333333333333
1173,1.0,1.0,1,1,1.0,1,0.3333333333333333
1174,1.0,0.0,1,1,1.0,0,0.0
1176,1.0,0.3333333333333333,0,0,1.0,1,0.3333333333333333
1177,0.6666666666666666,0.6666666666666666,0,0,1.0,1,0.6666666666666666
1178,0.6666666666666666,0.6666666666666666,0,1,1.0,0,0.6666666666666666
1179,0.6666666666666666,0.6666666666666666,0,0,1.0,1,0.3333333333333333
1180,0.3333333333333333,1.0,1,1,1.0,1,0.6666666666666666
1181,1.0,0.0,0,1,1.0,1,0.3333333333333333
1182,0.6666666666666666,0.6666666666666666,1,0,1.0,1,0.6666666666666666
1183,1.0,0.0,1,1,1.0,1,0.6666666666666666
1184,0.6666666666666666,0.0,1,0,0.5,0,0.3333333333333333
1185,0.6666666666666666,0.6666666666666666,1,1,1.0,1,0.3333333333333333
1186,1.0,1.0,0,1,1.0,1,0.3333333333333333
1187,0.6666666666666666,1.0,1,0,1.0,0,0.6666666666666666
1188,0.6666666666666666,0.6666666666666666,0,0,1.0,1,0.3333333333333333
1189,0.6666666666666666,0.3333333333333333,1,1,1.0,1,0.6666666666666666
1190,1.0,0.3333333333333333,1,1,1.0,1,1.0
1191,1.0,0.3333333333333333,1,1,1.0,1,0.3333333333333333
1192,0.6666666666666666,0.6666666666666666,1,0,1.0,1,1.0
1193,1.0,0.6666666666666666,0,0,1.0,1,0.6666666666666666
1194,0.6666666666666666,0.6666666666666666,0,0,1.0,1,0.3333333333333333
1195,0.6666666666666666,0.6666666666666666,1,0,1.0,1,0.6666666666666666
1196,0.6666666666666666,0.6666666666666666,1,1,1.0,1,0.6666666666666666
1197,0.6666666666666666,0.3333333333333333,1,1,1.0,1,1.0
1198,0.6666666666666666,0.6666666666666666,1,1,1.0,1,1.0
1199,0.6666666666666666,0.3333333333333333,1,0,1.0,1,0.3333333333333333
1200,1.0,0.6666666666666666,1,1,1.0,1,0.3333333333333333
1201,0.3333333333333333,0.0,1,1,0.5,1,1.0
1202,1.0,0.3333333333333333,1,1,1.0,1,0.3333333333333333
1203,0.3333333333333333,0.3333333333333333,1,1,1.0,1,0.6666666666666666
1204,0.6666666666666666,0.6666666666666666,1,1,1.0,0,0.3333333333333333
1205,0.6666666666666666,0.6666666666666666,0,1,1.0,1,0.6666666666666666
1207,0.6666666666666666,0.6666666666666666,0,1,1.0,0,0.3333333333333333
1208,1.0,1.0,1,0,1.0,0,0.3333333333333333
1209,1.0,0.6666666666666666,1,1,1.0,1,0.6666666666666666
1210,1.0,0.3333333333333333,0,0,0.0,1,0.3333333333333333
1211,0.6666666666666666,0.0,1,0,1.0,1,0.3333333333333333
1212,0.6666666666666666,0.3333333333333333,1,1,1.0,1,1.0
1213,0.6666666666666666,0.3333333333333333,0,0,1.0,1,0.3333333333333333
1214,1.0,0.6666666666666666,0,0,1.0,0,0.3333333333333333
1215,0.6666666666666666,0.0,1,1,1.0,1,0.6666666666666666
1216,1.0,0.0,0,0,1.0,1,0.6666666666666666
1217,1.0,0.0,1,1,1.0,1,0.6666666666666666
1218,0.3333333333333333,0.6666666666666666,1,0,0.0,0,0.3333333333333333
1219,0.6666666666666666,0.6666666666666666,1,1,1.0,0,0.3333333333333333
1220,0.6666666666666666,0.6666666666666666,0,1,1.0,1,0.3333333333333333
1221,0.6666666666666666,1.0,0,0,0.5,1,0.6666666666666666
1222,1.0,0.0,1,0,1.0,1,1.0
1223,1.0,1.0,1,1,1.0,1,1.0
1224,1.0,1.0,1,1,1.0,1,0.3333333333333333
1225,0.6666666666666666,1.0,1,1,1.0,0,1.0
1226,1.0,1.0,0,1,1.0,1,0.3333333333333333
1227,0.6666666666666666,0.3333333333333333,0,1,1.0,1,0.3333333333333333
1228,1.0,0.6666666666666666,1,1,1.0,1,1.0
1230,1.0,0.3333333333333333,1,1,1.0,1,0.6666666666666666
1231,1.0,0.3333333333333333,1,0,1.0,1,1.0
1232,1.0,0.0,1,0,1.0,1,1.0
1233,0.6666666666666666,0.6666666666666666,0,1,1.0,1,0.3333333333333333
1234,1.0,0.6666666666666666,1,1,1.0,1,0.3333333333333333
1235,1.0,1.0,1,1,1.0,0,0.3333333333333333
1236,0.6666666666666666,0.3333333333333333,0,1,1.0,1,0.3333333333333333
1237,0.6666666666666666,0.0,1,1,1.0,0,0.6666666666666666
1238,0.3333333333333333,0.6666666666666666,1,1,1.0,1,0.6666666666666666
1239,0.6666666666666666,0.6666666666666666,1,0,1.0,1,0.6666666666666666
1240,0.6666666666666666,0.6666666666666666,1,1,1.0,1,0.3333333333333333
1241,0.6666666666666666,0.6666666666666666,1,0,1.0,1,0.3333333333333333
1242,0.3333333333333333,0.6666666666666666,0,1,1.0,1,1.0
1244,1.0,0.0,1,1,1.0,1,0.6666666666666666
1245,1.0,0.6666666666666666,1,1,1.0,1,0.3333333333333333
1246,1.0,1.0,1,1,1.0,1,0.6666666666666666
1247,0.6666666666666666,0.6666666666666666,1,0,1.0,1,0.3333333333333333
1248,0.6666666666666666,0.6666666666666666,0,0,1.0,1,0.3333333333333333
1249,0.3333333333333333,0.3333333333333333,1,0,1.0,1,1.0
1250,0.6666666666666666,0.6666666666666666,1,1,1.0,1,0.3333333333333333
1251,0.6666666666666666,0.3333333333333333,1,0,1.0,1,0.3333333333333333
1252,1.0,0.0,1,1,1.0,0,0.6666666666666666
1253,0.6666666666666666,0.6666666666666666,1,1,1.0,1,0.6666666666666666
1254,0.6666666666666666,0.6666666666666666,1,1,1.0,1,0.3333333333333333
1255,0.6666666666666666,0.6666666666666666,1,0,0.5,1,0.6666666666666666
1256,1.0,0.0,1,1,1.0,1,0.6666666666666666
1257,1.0,0.6666666666666666,1,0,1.0,1,0.6666666666666666
1258,0.6666666666666666,0.6666666666666666,1,0,1.0,1,0.6666666666666666
1259,1.0,0.3333333333333333,0,0,1.0,1,0.3333333333333333
1260,1.0,0.3333333333333333,1,0,1.0,1,0.3333333333333333
1261,1.0,0.3333333333333333,1,1,1.0,1,0.3333333333333333
1262,0.6666666666666666,1.0,1,1,1.0,0,0.3333333333333333
1263,0.6666666666666666,0.3333333333333333,1,1,1.0,0,0.6666666666666666
1264,0.6666666666666666,0.3333333333333333,1,1,1.0,1,0.6666666666666666
1265,0.3333333333333333,0.6666666666666666,1,0,1.0,1,0.3333333333333333
1266,1.0,1.0,1,1,1.0,1,0.3333333333333333
1267,0.6666666666666666,0.3333333333333333,0,1,1.0,1,0.6666666666666666
1268,0.6666666666666666,0.3333333333333333,1,1,1.0,1,0.3333333333333333
1269,0.6666666666666666,0.3333333333333333,1,1,1.0,1,0.3333333333333333
1270,1.0,0.0,1,1,1.0,1,0.6666666666666666
1271,0.6666666666666666,0.3333333333333333,1,0,1.0,1,0.6666666666666666
1272,0.6666666666666666,0.3333333333333333,1,1,1.0,1,0.6666666666666666
1273,0.3333333333333333,0.6666666666666666,1,1,1.0,1,1.0
1274,0.6666666666666666,1.0,1,1,1.0,1,0.3333333333333333
1275,1.0,0.3333333333333333,1,0,1.0,1,0.3333333333333333
1276,1.0,0.0,1,1,1.0,1,0.6666666666666666
1277,1.0,1.0,1,1,1.0,1,0.3333333333333333
1278,0.6666666666666666,0.6666666666666666,1,0,1.0,1,1.0
1279,0.6666666666666666,0.6666666666666666,1,0,1.0,1,1.0
1280,0.6666666666666666,0.6666666666666666,1,1,1.0,1,0.6666666666666666
1282,0.6666666666666666,0.6666666666666666,1,1,1.0,0,1.0
1284,1.0,1.0,1,1,1.0,0,0.3333333333333333
1285,1.0,1.0,1,1,1.0,0,0.3333333333333333
1286,0.6666666666666666,0.6666666666666666,0,1,1.0,1,0.3333333333333333
1287,0.6666666666666666,0.6666666666666666,1,1,1.0,0,0.6666666666666666
1289,1.0,0.6666666666666666,1,1,1.0,1,0.3333333333333333
1290,0.6666666666666666,0.6666666666666666,1,0,1.0,1,0.6666666666666666
1291,1.0,0.6666666666666666,1,1,1.0,1,0.6666666666666666
1292,1.0,0.6666666666666666,0,1,1.0,1,0.3333333333333333
1293,0.6666666666666666,0.6666666666666666,1,0,1.0,1,0.3333333333333333
1294,1.0,0.6666666666666666,1,0,1.0,1,1.0
1295,0.6666666666666666,0.6666666666666666,1,0,1.0,1,0.3333333333333333
1296,0.6666666666666666,0.3333333333333333,0,0,1.0,1,0.3333333333333333
1297,0.3333333333333333,0.6666666666666666,1,1,1.0,1,0.3333333333333333
1298,1.0,1.0,0,1,1.0,1,0.6666666666666666
1300,1.0,1.0,1,0,1.0,0,0.6666666666666666
1301,0.6666666666666666,0.3333333333333333,1,1,1.0,1,0.3333333333333333
1302,1.0,1.0,1,1,1.0,0,0.3333333333333333
1304,1.0,0.6666666666666666,1,0,1.0,1,0.3333333333333333
1305,1.0,1.0,1,0,1.0,0,0.3333333333333333
1306,0.6666666666666666,0.6666666666666666,1,0,1.0,1,0.3333333333333333
1307,0.6666666666666666,0.3333333333333333,1,0,1.0,1,0.3333333333333333
1308,1.0,0.6666666666666666,1,1,1.0,0,0.3333333333333333
1309,0.6666666666666666,0.6666666666666666,1,1,1.0,1,0.6666666666666666
1310,1.0,0.6666666666666666,1,1,1.0,1,0.6666666666666666
1311,0.6666666666666666,0.6666666666666666,0,1,1.0,1,0.3333333333333333
1312,1.0,1.0,1,1,1.0,0,0.3333333333333333
1313,1.0,0.6666666666666666,0,1,1.0,1,0.6666666666666666
1314,1.0,1.0,1,1,1.0,1,0.6666666666666666
1315,0.3333333333333333,0.6666666666666666,1,0,1.0,1,0.6666666666666666
1316,0.6666666666666666,0.3333333333333333,1,0,1.0,1,0.6666666666666666
1317,1.0,1.0,1,0,1.0,1,0.3333333333333333
1318,0.6666666666666666,0.3333333333333333,1,0,1.0,1,0.6666666666666666
1319,0.6666666666666666,0.6666666666666666,1,1,1.0,1,0.3333333333333333
1320,1.0,0.0,1,1,1.0,1,0.3333333333333333
1321,1.0,0.3333333333333333,1,1,1.0,1,0.3333333333333333
1322,1.0,0.3333333333333333,0,0,1.0,0,0.3333333333333333
1323,1.0,0.0,0,1,1.0,1,1.0
1324,0.6666666666666666,0.3333333333333333,0,0,0.0,1,1.0
1325,0.0,0.3333333333333333,1,1,1.0,0,0.3333333333333333
1326,0.6666666666666666,0.3333333333333333,1,1,1.0,0,0.3333333333333333
1327,0.6666666666666666,0.6666666666666666,1,1,1.0,1,0.3333333333333333
1328,1.0,0.0,1,1,1.0,0,0.6666666666666666
1329,1.0,1.0,1,0,1.0,1,1.0
1330,0.6666666666666666,0.3333333333333333,0,0,0.0,1,0.3333333333333333
1331,1.0,0.3333333333333333,1,0,1.0,1,1.0
1332,0.6666666666666666,0.3333333333333333,1,0,0.0,1,0.6666666666666666
1333,0.6666666666666666,1.0,0,1,1.0,1,0.6666666666666666
1334,1.0,0.6666666666666666,1,0,1.0,1,0.6666666666666666
1335,1.0,0.3333333333333333,0,1,0.5,1,0.3333333333333333
1336,1.0,0.6666666666666666,1,0,1.0,1,0.3333333333333333
1337,0.6666666666666666,0.3333333333333333,1,1,1.0,0,0.3333333333333333
1338,1.0,0.6666666666666666,1,0,1.0,1,0.6666666666666666
1339,0.6666666666666666,0.6666666666666666,0,1,1.0,1,1.0
1340,0.6666666666666666,0.3333333333333333,1,0,1.0,1,0.6666666666666666
1341,1.0,0.6666666666666666,1,1,1.0,1,1.0
1342,0.6666666666666666,0.3333333333333333,0,0,0.5,1,0.3333333333333333
1343,0.6666666666666666,0.6666666666666666,1,1,1.0,1,0.6666666666666666
1344,1.0,0.6666666666666666,0,1,1.0,0,0.6666666666666666
1345,0.6666666666666666,0.3333333333333333,0,0,1.0,1,0.6666666666666666
1349,1.0,0.6666666666666666,0,1,1.0,1,1.0
1350,1.0,0.0,1,1,1.0,0,0.3333333333333333
1351,0.6666666666666666,0.6666666666666666,1,1,1.0,0,0.3333333333333333
1352,0.6666666666666666,0.3333333333333333,1,1,1.0,1,0.3333333333333333
1353,0.6666666666666666,0.3333333333333333,1,0,1.0,1,0.6666666666666666
1354,1.0,0.6666666666666666,1,0,1.0,1,0.6666666666666666
1355,0.6666666666666666,0.3333333333333333,1,0,1.0,1,0.3333333333333333
1356,0.6666666666666666,0.6666666666666666,1,1,1.0,1,0.3333333333333333
1357,0.6666666666666666,0.0,1,1,1.0,1,1.0
1358,0.6666666666666666,0.0,1,0,1.0,1,0.3333333333333333
1359,0.6666666666666666,0.6666666666666666,1,1,1.0,1,0.3333333333333333
1360,1.0,0.6666666666666666,0,1,1.0,1,0.6666666666666666
1361,1.0,0.0,1,1,1.0,0,0.3333333333333333
1362,1.0,0.6666666666666666,1,1,1.0,1,1.0
1363,0.0,0.0,1,0,0.0,0,0.3333333333333333
1364,1.0,0.0,0,1,1.0,1,0.6666666666666666
1365,0.6666666666666666,0.6666666666666666,1,1,1.0,1,0.6666666666666666
1366,0.6666666666666666,0.6666666666666666,0,0,1.0,1,0.3333333333333333
1367,1.0,0.0,1,1,1.0,1,1.0
1368,0.6666666666666666,0.3333333333333333,1,1,1.0,1,0.3333333333333333
1369,1.0,0.3333333333333333,1,1,1.0,0,1.0
1371,1.0,0.3333333333333333,0,1,1.0,1,0.6666666666666666
1372,1.0,0.6666666666666666,1,1,1.0,1,1.0
1373,1.0,0.3333333333333333,1,1,1.0,1,1.0
1375,0.6666666666666666,0.3333333333333333,1,1,1.0,0,0.6666666666666666
1376,0.6666666666666666,0.3333333333333333,1,0,1.0,1,0.3333333333333333
1377,1.0,0.0,0,0,1.0,0,1.0
1378,1.0,0.6666666666666666,1,1,1.0,1,1.0
1379,0.6666666666666666,0.0,1,0,0.0,1,0.3333333333333333
1380,0.6666666666666666,0.3333333333333333,0,0,1.0,0,0.3333333333333333
1382,1.0,0.3333333333333333,1,0,0.0,1,0.6666666666666666
1383,0.6666666666666666,0.3333333333333333,1,0,1.0,1,0.3333333333333333
1384,0.0,0.3333333333333333,0,0,1.0,1,1.0
1385,1.0,0.6666666666666666,1,0,1.0,0,0.6666666666666666
1386,1.0,0.6666666666666666,1,1,1.0,0,1.0
1387,1.0,1.0,1,1,1.0,1,0.6666666666666666
1388,1.0,1.0,1,1,1.0,0,0.6666666666666666
1389,1.0,0.0,0,0,1.0,1,0.6666666666666666
1390,1.0,0.3333333333333333,1,0,1.0,1,0.3333333333333333
1391,0.6666666666666666,0.6666666666666666,1,0,1.0,0,0.6666666666666666
1392,0.6666666666666666,0.3333333333333333,1,1,1.0,1,0.3333333333333333
1393,0.6666666666666666,0.6666666666666666,1,0,0.0,1,0.3333333333333333
1394,1.0,0.3333333333333333,1,1,1.0,1,0.3333333333333333
1395,1.0,0.3333333333333333,1,1,1.0,1,0.6666666666666666
1396,1.0,1.0,1,1,1.0,1,1.0
1397,0.6666666666666666,0.6666666666666666,1,1,1.0,1,0.6666666666666666
1398,0.3333333333333333,0.0,1,1,1.0,0,0.3333333333333333
1399,0.6666666666666666,0.6666666666666666,1,1,1.0,1,1.0
1400,0.6666666666666666,0.6666666666666666,1,1,1.0,1,1.0
1401,1.0,1.0,0,1,1.0,1,0.3333333333333333
1402,1.0,0.6666666666666666,0,1,1.0,1,0.3333333333333333
1403,0.6666666666666666,0.3333333333333333,0,0,0.0,0,0.6666666666666666
1404,1.0,0.6666666666666666,1,0,1.0,1,1.0
1405,1.0,0.6666666666666666,1,1,1.0,1,0.6666666666666666
1406,1.0,0.0,0,1,1.0,1,0.3333333333333333
1407,0.6666666666666666,0.3333333333333333,1,0,0.0,1,0.3333333333333333
1408,1.0,0.6666666666666666,1,1,1.0,1,0.3333333333333333
1409,0.0,0.0,0,1,0.5,1,1.0
1410,0.6666666666666666,0.3333333333333333,1,1,1.0,1,0.6666666666666666
1411,0.6666666666666666,0.6666666666666666,0,1,1.0,1,0.6666666666666666
1412,0.6666666666666666,0.6666666666666666,1,1,1.0,1,1.0
1413,1.0,0.6666666666666666,0,1,1.0,1,1.0
1414,0.6666666666666666,0.6666666666666666,1,1,1.0,1,0.6666666666666666
1415,1.0,1.0,1,1,0.0,1,1.0
1416,0.6666666666666666,0.6666666666666666,1,0,1.0,1,0.3333333333333333
1417,0.6666666666666666,0.0,1,1,1.0,1,1.0
1418,0.6666666666666666,0.3333333333333333,1,1,0.5,1,1.0
1419,1.0,0.3333333333333333,1,1,1.0,1,0.6666666666666666
1420,0.6666666666666666,0.3333333333333333,0,0,1.0,0,0.3333333333333333
1421,0.6666666666666666,0.6666666666666666,1,1,1.0,1,0.6666666666666666
1422,0.6666666666666666,0.3333333333333333,1,0,0.0,1,0.6666666666666666
1423,0.6666666666666666,0.6666666666666666,1,1,1.0,1,1.0
1424,0.6666666666666666,0.0,1,1,1.0,1,0.0
1425,0.6666666666666666,0.3333333333333333,1,0,1.0,1,1.0
1426,0.6666666666666666,0.3333333333333333,1,0,1.0,1,0.6666666666666666
1427,1.0,0.0,1,1,1.0,1,0.6666666666666666
1428,1.0,1.0,1,1,1.0,0,0.3333333333333333
1429,1.0,0.6666666666666666,0,1,1.0,0,0.6666666666666666
1430,0.6666666666666666,0.6666666666666666,0,1,1.0,1,0.6666666666666666
1431,1.0,1.0,1,1,1.0,0,0.6666666666666666
1432,1.0,1.0,1,0,1.0,1,0.6666666666666666
1433,1.0,1.0,1,1,1.0,0,0.3333333333333333
1434,0.3333333333333333,0.3333333333333333,1,1,1.0,1,0.3333333333333333
1435,0.6666666666666666,0.6666666666666666,0,0,1.0,1,0.3333333333333333
1436,1.0,1.0,1,0,1.0,0,0.3333333333333333
1437,0.3333333333333333,0.3333333333333333,1,1,0.5,1,0.6666666666666666
1438,0.6666666666666666,0.6666666666666666,0,1,1.0,1,0.3333333333333333
1439,0.6666666666666666,0.3333333333333333,0,0,1.0,1,0.6666666666666666
1440,0.6666666666666666,0.3333333333333333,0,1,1.0,1,0.3333333333333333
1441,0.6666666666666666,0.3333333333333333,1,1,1.0,1,0.6666666666666666
1442,0.6666666666666666,0.3333333333333333,1,0,1.0,1,0.6666666666666666
1443,0.6666666666666666,0.6666666666666666,1,0,0.0,0,1.0
1444,1.0,0.3333333333333333,0,0,0.5,1,0.3333333333333333
1445,0.6666666666666666,0.3333333333333333,0,1,1.0,1,0.3333333333333333
1446,0.0,0.0,1,0,1.0,1,0.6666666666666666
1447,1.0,0.3333333333333333,1,0,1.0,1,1.0
1448,0.6666666666666666,1.0,0,1,1.0,1,1.0
1449,1.0,0.6666666666666666,1,1,1.0,1,0.6666666666666666
1450,0.6666666666666666,0.6666666666666666,0,1,1.0,1,0.6666666666666666
1451,0.6666666666666666,0.6666666666666666,1,0,1.0,1,0.6666666666666666
1452,1.0,0.3333333333333333,1,1,1.0,1,1.0
1453,0.6666666666666666,0.3333333333333333,1,1,1.0,0,0.3333333333333333
1454,1.0,0.6666666666666666,1,0,1.0,1,0.3333333333333333
1455,0.6666666666666666,0.6666666666666666,1,0,1.0,0,0.3333333333333333
1457,0.3333333333333333,0.6666666666666666,0,0,1.0,1,0.6666666666666666
1458,0.3333333333333333,0.3333333333333333,1,1,1.0,1,0.3333333333333333
1459,0.6666666666666666,0.3333333333333333,1,1,1.0,1,0.3333333333333333
1460,1.0,0.0,1,0,1.0,1,0.6666666666666666
1461,0.3333333333333333,0.6666666666666666,1,0,1.0,1,0.6666666666666666
1462,1.0,0.3333333333333333,1,0,1.0,1,0.6666666666666666
1463,0.6666666666666666,0.0,0,0,1.0,1,0.6666666666666666
1464,1.0,0.3333333333333333,1,1,1.0,1,0.6666666666666666
1465,1.0,0.6666666666666666,1,0,1.0,1,0.6666666666666666
1466,0.6666666666666666,0.3333333333333333,1,0,1.0,1,1.0
1467,1.0,1.0,1,1,1.0,1,1.0
1468,0.3333333333333333,0.3333333333333333,1,0,1.0,1,0.3333333333333333
1469,0.6666666666666666,0.6666666666666666,1,1,1.0,1,1.0
1470,0.6666666666666666,0.3333333333333333,1,1,1.0,0,0.3333333333333333
1471,1.0,1.0,1,1,1.0,1,0.6666666666666666
1472,1.0,0.3333333333333333,0,1,1.0,1,1.0
1473,1.0,0.6666666666666666,0,1,1.0,1,1.0
1474,0.6666666666666666,0.6666666666666666,1,0,1.0,1,0.3333333333333333
1475,0.6666666666666666,0.6666666666666666,1,1,1.0,0,0.3333333333333333
1476,1.0,1.0,1,1,1.0,1,0.6666666666666666
1477,1.0,0.6666666666666666,1,0,0.0,1,0.6666666666666666
1478,0.6666666666666666,0.6666666666666666,1,1,1.0,1,0.6666666666666666
1479,0.6666666666666666,0.6666666666666666,1,1,1.0,1,1.0
1480,0.6666666666666666,0.3333333333333333,1,1,1.0,1,1.0
1481,0.0,0.0,1,0,1.0,0,0.3333333333333333
1482,0.6666666666666666,0.3333333333333333,1,0,1.0,0,0.3333333333333333
1483,0.6666666666666666,1.0,1,0,1.0,1,1.0
1484,0.3333333333333333,0.0,1,1,1.0,1,0.6666666666666666
1485,1.0,0.3333333333333333,0,0,1.0,1,0.6666666666666666
1486,0.6666666666666666,0.0,1,0,1.0,1,0.6666666666666666
1487,1.0,1.0,0,0,0.0,0,0.3333333333333333
1488,0.6666666666666666,0.3333333333333333,0,1,1.0,1,0.0
1489,0.6666666666666666,0.6666666666666666,1,1,1.0,1,1.0
1490,0.6666666666666666,0.6666666666666666,0,1,1.0,1,0.3333333333333333
1491,0.6666666666666666,0.6666666666666666,0,1,1.0,1,0.6666666666666666
1492,0.3333333333333333,0.6666666666666666,0,0,0.0,1,0.3333333333333333
1493,1.0,0.3333333333333333,1,0,1.0,1,0.3333333333333333
1494,1.0,0.3333333333333333,1,1,1.0,1,1.0
1495,0.6666666666666666,0.0,1,0,0.0,1,1.0
1496,0.3333333333333333,0.0,1,0,1.0,0,0.6666666666666666
1497,0.6666666666666666,0.6666666666666666,0,0,1.0,1,0.3333333333333333
1498,1.0,0.3333333333333333,1,1,1.0,1,0.6666666666666666
1499,0.3333333333333333,0.3333333333333333,0,0,1.0,1,0.3333333333333333
1500,0.6666666666666666,0.6666666666666666,1,1,1.0,1,0.3333333333333333
1501,0.6666666666666666,0.6666666666666666,1,1,0.0,1,0.6666666666666666
1502,0.6666666666666666,0.3333333333333333,1,1,1.0,1,1.0
1503,1.0,0.3333333333333333,1,1,1.0,1,0.3333333333333333
1504,0.6666666666666666,0.0,0,0,0.0,1,0.3333333333333333
1505,0.6666666666666666,0.6666666666666666,0,1,1.0,1,0.3333333333333333
1506,0.6666666666666666,0.3333333333333333,1,1,1.0,1,1.0
1507,0.3333333333333333,0.3333333333333333,1,1,1.0,1,0.6666666666666666
1508,0.0,0.0,1,1,1.0,1,0.3333333333333333
1509,1.0,1.0,0,1,1.0,1,0.3333333333333333
1510,0.3333333333333333,0.3333333333333333,0,1,1.0,1,1.0
1511,0.6666666666666666,1.0,0,1,1.0,1,1.0
1512,0.6666666666666666,0.6666666666666666,1,1,1.0,1,0.6666666666666666
1513,1.0,1.0,1,1,1.0,0,0.3333333333333333
1514,0.6666666666666666,0.6666666666666666,1,0,1.0,1,0.6666666666666666
1515,0.6666666666666666,0.3333333333333333,1,0,1.0,1,1.0
1516,1.0,0.6666666666666666,1,0,1.0,0,0.6666666666666666
1518,0.6666666666666666,0.6666666666666666,0,1,1.0,1,0.6666666666666666
1519,1.0,1.0,1,1,1.0,1,0.6666666666666666
1520,0.6666666666666666,1.0,1,0,1.0,1,0.3333333333333333
1521,1.0,1.0,1,0,1.0,1,1.0
1522,1.0,0.3333333333333333,0,1,1.0,1,0.3333333333333333
1523,0.6666666666666666,0.3333333333333333,0,1,1.0,1,0.3333333333333333
1524,0.6666666666666666,0.6666666666666666,0,1,0.5,1,1.0
1525,0.3333333333333333,0.3333333333333333,1,1,0.5,1,1.0
1526,0.6666666666666666,0.6666666666666666,0,1,1.0,1,1.0
1527,1.0,0.3333333333333333,0,0,1.0,1,0.3333333333333333
1528,1.0,1.0,0,0,1.0,1,0.6666666666666666
1529,1.0,0.3333333333333333,1,0,1.0,1,0.6666666666666666
1530,0.6666666666666666,0.0,1,1,1.0,1,0.6666666666666666
1531,1.0,0.3333333333333333,0,1,1.0,1,1.0
1532,1.0,0.6666666666666666,0,0,1.0,1,0.6666666666666666
1533,0.6666666666666666,0.3333333333333333,0,1,1.0,1,0.6666666666666666
1535,0.6666666666666666,0.3333333333333333,1,0,1.0,1,1.0
1536,0.6666666666666666,0.3333333333333333,1,0,1.0,1,0.3333333333333333
1537,0.6666666666666666,0.6666666666666666,1,1,1.0,1,1.0
1538,1.0,1.0,0,1,1.0,1,0.6666666666666666
1539,0.6666666666666666,0.3333333333333333,1,0,1.0,0,0.3333333333333333
1540,0.6666666666666666,0.3333333333333333,0,0,1.0,0,0.3333333333333333
1541,0.6666666666666666,0.3333333333333333,0,1,1.0,1,1.0
1542,0.6666666666666666,0.0,1,0,1.0,0,0.3333333333333333
1543,1.0,0.3333333333333333,0,1,1.0,1,0.6666666666666666
1544,0.6666666666666666,0.3333333333333333,1,1,1.0,1,0.3333333333333333
1545,0.6666666666666666,0.6666666666666666,1,1,1.0,1,1.0
1546,0.6666666666666666,0.3333333333333333,1,1,1.0,1,1.0
1547,0.6666666666666666,0.3333333333333333,1,1,1.0,0,0.3333333333333333
1548,0.6666666666666666,0.6666666666666666,0,0,1.0,1,0.6666666666666666
1549,0.6666666666666666,0.6666666666666666,0,0,1.0,0,0.6666666666666666
1550,1.0,0.6666666666666666,0,1,1.0,1,0.3333333333333333
1551,1.0,0.6666666666666666,0,1,1.0,1,0.6666666666666666
1552,0.6666666666666666,0.3333333333333333,1,0,1.0,1,0.3333333333333333
1553,1.0,0.6666666666666666,1,0,1.0,0,0.3333333333333333
1554,0.6666666666666666,1.0,1,1,1.0,1,1.0
1555,0.6666666666666666,0.3333333333333333,1,1,1.0,1,1.0
1556,0.6666666666666666,0.3333333333333333,1,0,0.0,1,0.6666666666666666
1557,1.0,0.6666666666666666,1,1,1.0,0,0.3333333333333333
1558,0.6666666666666666,0.3333333333333333,1,1,1.0,1,0.3333333333333333
1559,0.6666666666666666,0.6666666666666666,1,0,1.0,1,1.0
1560,0.6666666666666666,0.3333333333333333,1,1,1.0,1,0.3333333333333333
1561,0.6666666666666666,0.6666666666666666,1,1,1.0,1,0.3333333333333333
1562,0.6666666666666666,0.0,1,1,1.0,1,1.0
1563,0.6666666666666666,0.3333333333333333,1,0,1.0,1,1.0
1564,0.6666666666666666,0.0,1,0,1.0,1,0.6666666666666666
1565,0.3333333333333333,0.3333333333333333,0,0,0.5,0,0.3333333333333333
1566,0.6666666666666666,0.6666666666666666,1,0,1.0,1,0.3333333333333333
1568,1.0,0.6666666666666666,1,0,1.0,0,0.3333333333333333
1569,0.6666666666666666,0.6666666666666666,1,1,1.0,1,0.6666666666666666
1570,0.6666666666666666,0.3333333333333333,1,1,1.0,1,1.0
1571,0.0,0.6666666666666666,1,1,1.0,1,0.0
1572,1.0,0.6666666666666666,1,0,0.0,1,0.3333333333333333
1573,0.6666666666666666,0.6666666666666666,1,1,1.0,0,1.0
1574,1.0,0.0,0,1,1.0,0,0.3333333333333333
1575,1.0,1.0,1,0,0.5,1,1.0
1576,1.0,0.6666666666666666,0,0,1.0,0,0.3333333333333333
1577,0.6666666666666666,0.3333333333333333,1,1,1.0,0,0.6666666666666666
1578,0.3333333333333333,1.0,1,1,0.5,1,1.0
1579,0.6666666666666666,0.6666666666666666,0,1,1.0,0,0.3333333333333333
1580,0.3333333333333333,0.3333333333333333,0,0,1.0,1,0.3333333333333333
1581,1.0,0.6666666666666666,1,1,1.0,1,0.3333333333333333
1582,1.0,0.3333333333333333,1,1,1.0,1,0.6666666666666666
1583,1.0,0.0,0,1,1.0,1,0.3333333333333333
1584,0.0,0.0,0,1,1.0,0,0.3333333333333333
1585,0.3333333333333333,0.3333333333333333,1,0,1.0,1,0.3333333333333333
1586,1.0,0.0,1,1,1.0,0,0.3333333333333333
1587,0.6666666666666666,0.6666666666666666,1,0,0.0,1,1.0
1588,0.6666666666666666,0.6666666666666666,0,0,1.0,1,0.6666666666666666
1589,1.0,0.0,1,0,1.0,1,0.6666666666666666
1590,0.3333333333333333,0.3333333333333333,0,1,1.0,1,0.0
1591,1.0,1.0,0,0,1.0,0,0.3333333333333333
1592,0.6666666666666666,0.6666666666666666,1,0,0.0,0,0.6666666666666666
1594,0.6666666666666666,0.3333333333333333,1,0,1.0,1,0.3333333333333333
1595,0.6666666666666666,0.6666666666666666,1,1,1.0,1,0.3333333333333333
1597,0.6666666666666666,0.3333333333333333,1,0,1.0,1,0.6666666666666666
1598,1.0,0.6666666666666666,1,1,1.0,0,1.0
1599,0.6666666666666666,0.6666666666666666,1,1,1.0,1,0.6666666666666666
1600,0.6666666666666666,0.3333333333333333,1,1,1.0,1,0.3333333333333333
1601,1.0,1.0,1,0,1.0,0,0.3333333333333333
1602,0.6666666666666666,0.6666666666666666,1,0,1.0,1,0.6666666666666666
1603,1.0,0.3333333333333333,1,1,1.0,1,0.3333333333333333
1604,0.6666666666666666,0.6666666666666666,0,0,1.0,0,0.6666666666666666
1605,1.0,1.0,0,1,1.0,1,1.0
1606,1.0,0.0,0,0,1.0,1,0.3333333333333333
1607,1.0,0.6666666666666666,1,1,1.0,0,1.0
1608,0.3333333333333333,0.3333333333333333,1,0,0.0,1,0.3333333333333333
1609,1.0,0.0,1,1,1.0,1,0.3333333333333333
1610,0.3333333333333333,0.0,1,0,1.0,1,0.3333333333333333
1611,1.0,1.0,1,1,1.0,0,0.0
1612,0.6666666666666666,0.6666666666666666,1,1,1.0,1,0.3333333333333333
1613,0.6666666666666666,0.6666666666666666,1,0,1.0,1,0.3333333333333333
1614,1.0,0.0,0,0,1.0,1,0.3333333333333333
